file,bytes,sha256
CITATION.cff,1019,18a853d30e9569be73be4cca995e9fc0f769f0f42d77742d98065aa74d81c7ef
config/frozen_analysis_v2.yaml,1433,ed444c5e9b3ec798298a0fe895a7adea9bcdf5dc37178cd0d66f2c4b07e5751d
config/frozen_model_parameters_v2.yaml,1635,61890cfe6afdc80fca036c440dd464d4416df5e5c31604d272fc59e18f9dc33d
config/revision_protocol_v2_1_0.yaml,970,0d27551f2da1c822edb3207c0364c42fff74e2f7b1a9c4fd1d5e2228dedb05f9
data/public_cases/legacy_baseline/public_case_coding.csv,34962,03e723fbd53c423283cceabb4110ff3bb705dcf34b5b9741f54536f64377af94
data/public_cases/legacy_baseline/retrospective_screening_log.csv,18986,2ee3221c4e879a13c53de09a7b69476972607b7fe8c7e57da2b146e68d3b7ed0
data/public_cases/legacy_baseline/screening_log.csv,13298,c65056d182375c2bffc29e70cacc101c240c6302dbb06a2dd9c21ec088c7b12b
data/public_cases/legacy_baseline/source_quality_guide.md,910,73ac0aca665e7a6ce3fdbcd8f2975e20778f8b6de87e6993f1bbddcfe34e2ace
data/public_cases/S1-01/README.md,174,d6c43f44642c4c36a06226c036841d92793b4771a8c4ab0471aab98a016896bf
data/public_cases/S1-02/README.md,174,0d8e5705f71d8fdbd9f47a30f2d2e01751430e8b1438bd61799d492ff9e1ced0
data/public_cases/S1-03/README.md,174,a3001b7a121c90ca2726f2f268e38c67f30f20b089de5f4eb403313e19c6627e
data/public_cases/S1-04/README.md,174,a346eb276696809519138c783f9aea1cd40a6eda6e0cb86e99ce41ffe624a1d5
data/public_cases/S1-05/README.md,174,eb6981c80d96bd950753510b8bc2d1b5ef52006e7f40c714e715806f2fd349c0
data/public_cases/S1-06/README.md,174,56433f5d44735dae8fbadcfe2cb9cc9f272ff917240f67adee750f25e86c777d
data/public_cases/S1-07/README.md,174,c8c16c97e03ca465c60062b08a406f9082658c97681ece4ac6a28338057d660f
data/public_cases/S1-08/README.md,174,3ec4fce80c60d43b86d9fd791ce2d71e883717563b0f1402f9bc2312a9de2ba7
data/public_cases/S1-09/README.md,174,2246ccd94560e8c4e4576ef99813abc789cb82d0fd741281ceba5a258fc463bd
data/public_cases/S1-10/README.md,174,b51c7b75950351133a701fc754159c87056d162f3b7e300c4fb6b45711d3ae91
data/public_cases/S1-11/README.md,174,eac0d0bd92eaf70dc2015c3aa9c839b54daad0cdee64a09e271940f37df47459
data/public_cases/S1-12/README.md,174,12ee84689b7499200a9844b6b6df405a4c3bee66be21625afd7132aacdae6eda
data/public_cases/S1-13/README.md,174,a6c2724df20a38becae7a2ed1883dff1e4c737bf5b711b8d7937339ce7769ee5
data/public_cases/S1-14/README.md,174,aedfe70573c3cefec7eaecd07d20ae733ab688ef07eedfe480677ca87215801d
data/public_cases/S1-15/README.md,174,663a60fe7be376d6ad6ffc5930f0711b4d27fd0eacfcdd4bec42242437779a1b
data/public_cases/S1-16/README.md,174,51c05f108fe2641da0c200c38263ec1dff118ec22e82d5c617828f30cc0c4241
data/public_cases/S1-17/README.md,174,e588880b51b8ba8fbedcc68bb7c8bb214cc843972485f43048d96db9770e8cd7
data/public_cases/S1-18/README.md,174,6591c9d122c655db0d6ae58a793b89a5f5db07367b163612f21aafb9cc362f0f
data/public_cases/S1-19/README.md,174,d3a7b35c7ecf2546d00d04d9a4c100fbf32f536283cf4ee952177406d8123e06
data/public_cases/S1-20/README.md,174,533c73e7df895d1cc286644da68d579a4eba3d4385b6130e7f3f2c80d39854a0
data/public_cases/S1-21/README.md,174,87cf63536b1eef82a60a2441f06b2dbc396e82b2e3a7ed8e58ea49a7a5c33520
data/public_cases/S1-22/README.md,174,da382345899c417726d1073b8f6c99f51c65bbed31d73da9a284d079c99195b8
data/public_cases/S1-23/README.md,174,020390b75b3f1936c96425b1a40454b29a2f66976a1756fc743b5095005797f8
data/public_cases/S1-24/README.md,174,6226c018cc13f8b8ca935a6a843509d6f55fc6e4d38c2ec1b39e04b1f9c8599a
data/public_cases/S1-25/README.md,174,b584458c1d424ad0b53aade41047d78af535281a3ace7db245d0e2e6a487996a
data/public_cases/S1-26/README.md,174,f8db21595f5e9a989e7ebb3bba10578717ba14579fbb8f98358b6ea1dbf639db
data/public_cases/S1-27/README.md,174,fd76e18f50d58e1e945daee38c5d5b9b2fba233acba4419bdd0c38f6d1ca8c19
data/public_cases/S1-28/README.md,174,1b7232be201a8ad00846415f24bcb8686cedb7b660fea2db0ff22876aae6e37e
data/public_cases/S1-29/README.md,174,69f3564c95f01f8d7d3bf1f3bc718075c3688e793b57b29305c2948dae859762
data/public_cases/S1-30/README.md,174,ee302780256bd680d30688b9e39718a11cd850d0b61fceffaa6dbc8b731c7374
data/public_cases/S1-31/README.md,174,e277a444a0c3ea48ae58e99cf9c0f702c394679c0c4739b2a30404d928e76b51
data/public_cases/S1-32/README.md,174,02d2534b61969d5336e68113616efb7ce4a26931adc720fd690a901468e0251a
data/public_cases/source_package_inventory.csv,8657,8ba030acad47d720ae48d4a5be62c3985935318518349428618c4174615af0f2
data/raw/seismic+bumps.zip,141803,0acf2dc3a5df784ec77d1b8bfc4f7754ca88d0278828ce0684e4b1f73e04c37b
data/raw/seismic-bumps.arff,141669,aabe512fab65b36d1dfb462650b75cfd8d99d8cc2723e8ecb4e6f5e1caccd5a7
data/README.md,2536,28bf8f889725378b9688d7b9da835724f592f394b4e55b05eb5d03b2b3feb106
environment.yml,148,c35214bfeb36ba156212c3a745415803e54960bdd1d539ddeed1b0a1274d7183
LICENSE.md,1173,022b50fb866eab152459a6d59009765a8d3772d78a92046dd5a6892826cd4d93
metadata/author_release_authorization.json,443,b0f5ec9ecaa05b63f2774f9025d00a34e6b1ca2ae934b4ffcec9e9abefd508a3
metadata/CHANGELOG.md,922,79bfcca7c751d1788173f12835c0da359eb14a52070fa2ad484530bd1c326ae1
metadata/diagram_source_provenance.json,1132,2a8d23f04a14817aad4cc785c3bcc907052bbd28b118fe3c7c7cf89770b8baa3
metadata/frozen_configuration_integrity.json,705,018619c2fcaa8de2db67ff70a9f83313bdaf4837f3cb8df3cd42f6f335600cec
metadata/historical_source/analysis_repository/src/__init__.py.txt,78,0cafe0c3102e98701f10138f892e956fd93cfe84323bfaf63e5d8a757fff91a1
metadata/historical_source/analysis_repository/src/download_data.py.txt,1122,b6fadff3b038d304750866c2ab97a7946b43eb5be4734b118be1d52e5a8e6cf5
metadata/historical_source/analysis_repository/src/run_all.py.txt,287,96ae149575c228c8133d7bc7556fcec16fd5e5ea1b6688efbe00058495fd441f
metadata/historical_source/analysis_repository/src/summarize_case_screening.py.txt,1304,e954efefb9803f3538c58b542241c5d296d2ffa7c405109cfd379fe64b913128
metadata/historical_source/analysis_repository/src/utils.py.txt,1356,6b5bfd748241f08f39e5464532dc52a058155711723558d710be80c6bb33afbb
metadata/historical_source/analysis_repository/src/v2_pipeline.py.txt,9909,f702e9bd94aa0f1267e30365c77a4a2915e586e8640000fdc6e42c98557d5167
metadata/historical_source/analysis_repository/src/validate_data.py.txt,1261,db4d3446a16bc2e27e2191f06d5a865f1147f303942c763b3e4fe5e916063921
metadata/historical_source/analysis_repository/tests/test_dataset.py.txt,222,8aa66b05b1c46fa791742cd888516fe76a6ab4833218619109f6e9e0253a072b
metadata/historical_source/analysis_repository/tests/test_model_outputs.py.txt,482,fd38f2d95359df34e9c6a2bf961475d962b8b1e7e66a862f2319a275e9219010
metadata/historical_source/analysis_repository/tests/test_output_schemas.py.txt,1174,67b1060e8211adb02bff9f6191ea1d168471c3d4965fb5eb4f8e113e0874c7f6
metadata/historical_source/analysis_repository/tests/test_preprocessing.py.txt,571,3664e3b5732e979944c4768476fc822ae7cb7c39d4b0e9d04cf2e9caebaeb8b1
metadata/historical_source/analysis_repository/tests/test_threshold_results.py.txt,591,f34f154e24569291c5e42423402af8688f96cf398a3a13dfd0bd5ee8eea5db9c
metadata/historical_source/analysis_repository/tests/test_v2_configuration.py.txt,1157,e94b7dab8dd0f939b0d9409c575313c5a6f3266848e2fe1b4471395945075a18
metadata/historical_source/diagram_sources/redraw_fig3.R.txt,4988,93d8e732fb901b6d7e66aa4b953499973e4f3e5feefe7afb807fab51327fbd3d
metadata/historical_source/historical_export_scripts/prepare_package_figures.py.txt,4575,64d48bca4fb8b3f7d2557dd1a51a8a4a344a2d37ec0ab779d01a94bfe8544bb2
metadata/historical_source/revision_analysis/code/build_reports.py.txt,22192,4f48f3ec11fd2281edc31b6409c1da52d0fa4fb6815de874952ae512f73cef2a
metadata/historical_source/revision_analysis/code/build_supplement.mjs.txt,3428,7ac3cadbcc8e9efbe0ea2f59d98efbef58365c39382bc59b4616ffeacfab4688
metadata/historical_source/revision_analysis/code/check_baseline.py.txt,4052,4cb2fd40b2834dfd3250533332306dac056115652a586003be8066ab9a317d61
metadata/historical_source/revision_analysis/code/finalize_package.py.txt,8732,a4e2519819f7404569e231a6e573c80f354960576d0cb793c94b2b008eb8cdeb
metadata/historical_source/revision_analysis/code/inspect_manuscript.py.txt,1039,8e2c775f32abd013cea644da8bfcb5bed88f5be394ca0f4a336498cc111c906c
metadata/historical_source/revision_analysis/code/original_baseline/src/__init__.py.txt,78,0cafe0c3102e98701f10138f892e956fd93cfe84323bfaf63e5d8a757fff91a1
metadata/historical_source/revision_analysis/code/original_baseline/src/download_data.py.txt,1122,b6fadff3b038d304750866c2ab97a7946b43eb5be4734b118be1d52e5a8e6cf5
metadata/historical_source/revision_analysis/code/original_baseline/src/run_all.py.txt,287,96ae149575c228c8133d7bc7556fcec16fd5e5ea1b6688efbe00058495fd441f
metadata/historical_source/revision_analysis/code/original_baseline/src/summarize_case_screening.py.txt,1304,e954efefb9803f3538c58b542241c5d296d2ffa7c405109cfd379fe64b913128
metadata/historical_source/revision_analysis/code/original_baseline/src/utils.py.txt,1356,6b5bfd748241f08f39e5464532dc52a058155711723558d710be80c6bb33afbb
metadata/historical_source/revision_analysis/code/original_baseline/src/v2_pipeline.py.txt,9909,f702e9bd94aa0f1267e30365c77a4a2915e586e8640000fdc6e42c98557d5167
metadata/historical_source/revision_analysis/code/original_baseline/src/validate_data.py.txt,1261,db4d3446a16bc2e27e2191f06d5a865f1147f303942c763b3e4fe5e916063921
metadata/historical_source/revision_analysis/code/original_baseline/tests/test_dataset.py.txt,222,8aa66b05b1c46fa791742cd888516fe76a6ab4833218619109f6e9e0253a072b
metadata/historical_source/revision_analysis/code/original_baseline/tests/test_model_outputs.py.txt,482,fd38f2d95359df34e9c6a2bf961475d962b8b1e7e66a862f2319a275e9219010
metadata/historical_source/revision_analysis/code/original_baseline/tests/test_output_schemas.py.txt,1174,67b1060e8211adb02bff9f6191ea1d168471c3d4965fb5eb4f8e113e0874c7f6
metadata/historical_source/revision_analysis/code/original_baseline/tests/test_preprocessing.py.txt,571,3664e3b5732e979944c4768476fc822ae7cb7c39d4b0e9d04cf2e9caebaeb8b1
metadata/historical_source/revision_analysis/code/original_baseline/tests/test_threshold_results.py.txt,591,f34f154e24569291c5e42423402af8688f96cf398a3a13dfd0bd5ee8eea5db9c
metadata/historical_source/revision_analysis/code/original_baseline/tests/test_v2_configuration.py.txt,1157,e94b7dab8dd0f939b0d9409c575313c5a6f3266848e2fe1b4471395945075a18
metadata/historical_source/revision_analysis/code/plot_revision.py.txt,4721,9c13b3ffd8b3083fb8e045f1f3c1b0b5a51904fb19717c5673b2775c9529f32c
metadata/historical_source/revision_analysis/code/render_documents.ps1.txt,1155,dee06c1068def4ef9849cd942d73d032f09591594c002ab19c4faef3755bcf0e
metadata/historical_source/revision_analysis/code/run_revision.py.txt,13756,ea0ba2f54a1f8bfdd64df866a4b504c48ab984464172346b2b475b3ad1bc161a
metadata/historical_source/revision_analysis/code/test_revision.py.txt,6282,f66ccf99d084faab5b06023dbdefb778037f07e13f90d3f0f645a5653bef6fe7
metadata/historical_source/revision_analysis/code/verify_artifacts.py.txt,3641,0f16c505ec0359bbe47dacff2f4cf2d1ed0067e87a934833b968b337e6cead8c
metadata/historical_source/revision_analysis_v2/code/build_reports.py.txt,22192,4f48f3ec11fd2281edc31b6409c1da52d0fa4fb6815de874952ae512f73cef2a
metadata/historical_source/revision_analysis_v2/code/build_supplement.mjs.txt,3428,7ac3cadbcc8e9efbe0ea2f59d98efbef58365c39382bc59b4616ffeacfab4688
metadata/historical_source/revision_analysis_v2/code/check_baseline.py.txt,4052,4cb2fd40b2834dfd3250533332306dac056115652a586003be8066ab9a317d61
metadata/historical_source/revision_analysis_v2/code/content_v2.py.txt,45229,bf470ac30be52b8c0e46c0ff5988c4b0d0f036cb7fcb7041bfae9eaef761cc53
metadata/historical_source/revision_analysis_v2/code/finalize_package.py.txt,8732,a4e2519819f7404569e231a6e573c80f354960576d0cb793c94b2b008eb8cdeb
metadata/historical_source/revision_analysis_v2/code/finalize_v2.py.txt,13052,c431765ac7b50e0d538cde103487021840c4135c683ef42bc6954fa8e8f2c6c7
metadata/historical_source/revision_analysis_v2/code/inspect_manuscript.py.txt,1039,8e2c775f32abd013cea644da8bfcb5bed88f5be394ca0f4a336498cc111c906c
metadata/historical_source/revision_analysis_v2/code/original_baseline/src/__init__.py.txt,78,0cafe0c3102e98701f10138f892e956fd93cfe84323bfaf63e5d8a757fff91a1
metadata/historical_source/revision_analysis_v2/code/original_baseline/src/download_data.py.txt,1122,b6fadff3b038d304750866c2ab97a7946b43eb5be4734b118be1d52e5a8e6cf5
metadata/historical_source/revision_analysis_v2/code/original_baseline/src/run_all.py.txt,287,96ae149575c228c8133d7bc7556fcec16fd5e5ea1b6688efbe00058495fd441f
metadata/historical_source/revision_analysis_v2/code/original_baseline/src/summarize_case_screening.py.txt,1304,e954efefb9803f3538c58b542241c5d296d2ffa7c405109cfd379fe64b913128
metadata/historical_source/revision_analysis_v2/code/original_baseline/src/utils.py.txt,1356,6b5bfd748241f08f39e5464532dc52a058155711723558d710be80c6bb33afbb
metadata/historical_source/revision_analysis_v2/code/original_baseline/src/v2_pipeline.py.txt,9909,f702e9bd94aa0f1267e30365c77a4a2915e586e8640000fdc6e42c98557d5167
metadata/historical_source/revision_analysis_v2/code/original_baseline/src/validate_data.py.txt,1261,db4d3446a16bc2e27e2191f06d5a865f1147f303942c763b3e4fe5e916063921
metadata/historical_source/revision_analysis_v2/code/original_baseline/tests/test_dataset.py.txt,222,8aa66b05b1c46fa791742cd888516fe76a6ab4833218619109f6e9e0253a072b
metadata/historical_source/revision_analysis_v2/code/original_baseline/tests/test_model_outputs.py.txt,482,fd38f2d95359df34e9c6a2bf961475d962b8b1e7e66a862f2319a275e9219010
metadata/historical_source/revision_analysis_v2/code/original_baseline/tests/test_output_schemas.py.txt,1174,67b1060e8211adb02bff9f6191ea1d168471c3d4965fb5eb4f8e113e0874c7f6
metadata/historical_source/revision_analysis_v2/code/original_baseline/tests/test_preprocessing.py.txt,571,3664e3b5732e979944c4768476fc822ae7cb7c39d4b0e9d04cf2e9caebaeb8b1
metadata/historical_source/revision_analysis_v2/code/original_baseline/tests/test_threshold_results.py.txt,591,f34f154e24569291c5e42423402af8688f96cf398a3a13dfd0bd5ee8eea5db9c
metadata/historical_source/revision_analysis_v2/code/original_baseline/tests/test_v2_configuration.py.txt,1157,e94b7dab8dd0f939b0d9409c575313c5a6f3266848e2fe1b4471395945075a18
metadata/historical_source/revision_analysis_v2/code/plot_revision.py.txt,4721,9c13b3ffd8b3083fb8e045f1f3c1b0b5a51904fb19717c5673b2775c9529f32c
metadata/historical_source/revision_analysis_v2/code/plot_v2.py.txt,6939,fd09be185f978bd91e06ad40a1af438f00bc19d83e032f25aa1267c3bc552b7c
metadata/historical_source/revision_analysis_v2/code/render_documents.ps1.txt,1155,dee06c1068def4ef9849cd942d73d032f09591594c002ab19c4faef3755bcf0e
metadata/historical_source/revision_analysis_v2/code/render_v2.ps1.txt,1061,71d2cbea91ebd10ef657f0cd3c5dd41284e4a8c51475eb38134efdcd3ab2b696
metadata/historical_source/revision_analysis_v2/code/run_revision.py.txt,13756,ea0ba2f54a1f8bfdd64df866a4b504c48ab984464172346b2b475b3ad1bc161a
metadata/historical_source/revision_analysis_v2/code/supplement_v2.py.txt,15772,ecbcdca3c840569c6f9dbe7c20d7748676e7491f061e045ed54999345e35290c
metadata/historical_source/revision_analysis_v2/code/test_revision.py.txt,6282,f66ccf99d084faab5b06023dbdefb778037f07e13f90d3f0f645a5653bef6fe7
metadata/historical_source/revision_analysis_v2/code/test_v2.py.txt,9038,c7e420bfbbd2ac36f48239dd9f8a6650f8c44c2b808ffd45cbdab6b24f9bc77c
metadata/historical_source/revision_analysis_v2/code/verify_artifacts.py.txt,3641,0f16c505ec0359bbe47dacff2f4cf2d1ed0067e87a934833b968b337e6cead8c
metadata/historical_source/revision_analysis_v2/code/verify_office_v2.py.txt,5864,de0ebe07ad91c9c4ffe6acaa19880185bae65c611e6b10d5a17aec901f79ffd9
metadata/historical_source/revision_analysis_v2/code/workbooks_v2.mjs.txt,6371,240b0deee84651debad0970a950ccd60a73d8369800917df67fdf192b864bb8e
metadata/layout_migration.json,110777,afae5dabcf9d80fa899a4a1c84e762c7c640f35a6a1a125d18645fe6be870316
metadata/manuscript_baseline_tables.json,8757,936966d9c20ed9bf51602f9abc71bc1b509e8b94464fc8f525582dddede59e0f
metadata/prior_packaging/PACKAGE_CHECK_REPORT.md,9913,4f30d6ef8cc7fac3b72287a9e915da0fef7f79c3334fea55c510935ab889580d
metadata/prior_packaging/package_file_manifest.csv,36278,0d047bf9c50417795fbfdcd9ee68444d52a72b2cd7a2c2f3d6d18a57cd5734e1
metadata/prior_packaging/version_info.txt,395,4cd68a18513a028833416f8e26243a4765a9c6a493f41d708b93c04bc64ea547
metadata/reference_results/actual_pipeline_parameters.json,14767,303c1ea2439cebc1c197e008054648c8fde20febb607628165178708dd7b1d6c
metadata/reference_results/bootstrap_2000_raw.csv,1113875,f3d5a8fee5fc28489ff8367c335a48cf1cc98a1b43616bb1b70ce0be2485e290
metadata/reference_results/bootstrap_2000_summary.csv,1807,b6f6fd55d1eb7eef44328c20d8d067b675339d32c344c172c5c55528f25e7d40
metadata/reference_results/bootstrap_paired_indices.npz,2691770,d9d609ba3dbf7aa3d1f430de5213b89c5fbe5fe131236b6475239c7dac75671d
metadata/reference_results/calibration_bin_data.csv,4556,e3b665e3cc8e11c6636d66052715887b3c30e3da89ce06ffdf27bb34be0d36d3
metadata/reference_results/calibration_results.csv,292,122adae019b09daf71970b0419c83648b493f0c7183d09e6a465802a33a33fce
metadata/reference_results/cost_ratio_sensitivity_full.csv,650795,f8b5ccb955502a275156bbe2e57023412bc60b851a97b07c527b4cd4d9fd3ef3
metadata/reference_results/cost_ratio_sensitivity_summary.csv,10572,41fb1f56b90528ea98a2ca3e2e3b4958fc9b43f13227bbd87ac0ed04c291e8d2
metadata/reference_results/cross_validation_fit_audit.json,114782,11bcd365993a7549ac797d9065c9e372d4746d3fdc0cad0eee06e6f8656d1ede
metadata/reference_results/cross_validation_fold_results.csv,1338,54a377473b88aac1fe26fbbf21a01367cd69a9184845b8eac6854d1103b7c123
metadata/reference_results/cross_validation_results.csv,565,dcde913d80ad87b9c9b7e2c8f2b2755ce0a39e9db73f1ae7ae1f17178dddb338
metadata/reference_results/curve_source_data.csv,152024,3615fab4ca3be31a1f6b76b586bff6af1aa98fd407fd3834102dcf17eb0806fb
metadata/reference_results/delong_covariance.json,784,d1348d8fbb63987da96638ab1f8e5c78739a8eea5533bc9944a5fdc14d874957
metadata/reference_results/delong_pairwise.csv,1016,ba281197aaa11f63e780276c9b4bafedf3747b2abb433315243cac55318836fc
metadata/reference_results/document_table_payload.json,1650,509f543e00e1b6f713df079e189bdcb31f968d993d22380d8d0e489a9306cae2
metadata/reference_results/document_table_payload_v2.json,1917,007c5c8e035aa33413195474858e83b1ef6be9cdf5fcb775ce317baab1737768
metadata/reference_results/figure_quality_checks.csv,495,8d99e7a40993000f83c3279bc29320e549a55c4243c4c33d0159a76e250e9576
metadata/reference_results/held_out_predictions.csv,79899,864857d5a6e91204dffdbb975a87f7380cbc0c93657675f46317a95ec0a28db5
metadata/reference_results/justifications_v2.json,2010,59ae955da7bec6e3c1d8c0b808a67c85d18885c67637f49d4a3604cc2d0e12ad
metadata/reference_results/LR_calibration_fixed_bins.csv,1228,5f34e8a8e3a54d14297770ee86265e8408ea0f0f0e6975ceeabb27e51adeed58
metadata/reference_results/matched_alert_burden_analysis.csv,4594,430cfae32287e8f55ce81880ed5a55f4b8c3a8640f2e5081ebb353ff9ce1b629
metadata/reference_results/mcnemar_pairwise.csv,926,b749af0ce838d3b50d302c6a5a8f19fb2e889e6edf212a98c9d0061ab994d89c
metadata/reference_results/model_configuration_revision.csv,1804,d7113f9ca42f50e7e3ae85aaaa38e82982f93e75bb4638b6fb29bcf460def91a
metadata/reference_results/model_performance_revision.csv,990,569e1506a489d4556c241853d4adb56a03aa76d3540ff9cc9703ef7d20f729c6
metadata/reference_results/proposed_sections_v2.json,9910,3a332b7fef77a195cd058a852125dfa33ba80d22cf03838b02b8ae768b01dd35
metadata/reference_results/repeated_cv_fit_audit.json,1215718,8fcbb3f2b74a641232abf50c5de4f12ae4eb5266165afc8e179361802cbe49b6
metadata/reference_results/repeated_cv_fold_results.csv,17848,40a8e85c52c0901b6a607e23987af102d4f810719d47ce09b848614c0c5c1e85
metadata/reference_results/repeated_cv_summary.csv,553,f910b3ae15c79b7be428b543e44ee1f707d27565cf24d8ecd285b0b9cb302a41
metadata/reference_results/resampling_actual_pipeline_parameters.json,14171,83396f61e79e21e1a132e83a2c5a81130adb18c9e69af1d7be551be397148b2d
metadata/reference_results/resampling_cv_fit_audit.json,10088622,1e680deb7d5b3d5213290fe0eb3bfba8f8c1899f472e037f04dc994031bc04cb
metadata/reference_results/resampling_cv_fold_results.csv,17665,c38ec5b1ca48da0b7adb39fc1ebac3b1a979f4d51c9c8b92cb35ac5db883ba91
metadata/reference_results/resampling_cv_summary.csv,550,1b329a7a6c30bb0e0969825b50283d75010a5c725e4633c5588ebcd1ccb35c9f
metadata/reference_results/resampling_held_out_predictions.csv,61094,087c5d79f32954a3f2c8ed7a0cfdd44b9cd37e5f62e9f6e4c253e204ef9afc89
metadata/reference_results/resampling_heldout_fit_audit.json,259659,ca104fc277971a942380e8f92e3975df08b73e596881f964663a9e66cdedf565
metadata/reference_results/resampling_sensitivity_cv.csv,1024,8882497163b96764bc739e09510041fd708652f924ecf7805ca6048b42b28600
metadata/reference_results/resampling_sensitivity_test.csv,2036,d0458b44ca0bc7417cb83b618a29f2e8e820db2e990a6ee8a2092a3a5840f0b4
metadata/reference_results/reviewer_response_payload_v2.json,9928,6c228040013105bf52e59f7bddf017815501c1504b25d86e68b6f89fa2bd1e15
metadata/reference_results/run_metadata.json,6837,1f0ab450022d796f1422e1d6bc679ace030a2c235fb84497e86c673071bc1a5a
metadata/reference_results/run_metadata_sheet_v2.json,6097,0b2e722b297fe49c8a0e0fa3325468a165cd93d94646a31750b1274a4b937af6
metadata/reference_results/run_metadata_v2.json,6384,4f920d781d5105a8b1a832b0e05f4cd6848fdf7994a5ce0ff077a4897a6c8ca1
metadata/reference_results/split_assignments.csv,34324,f057d02309a68b9f5c0a9ae4cde549ea729cb0930ec5cdecf05d0d1b9016a9e8
metadata/reference_results/statistical_reverification/delong_covariance.json,784,d1348d8fbb63987da96638ab1f8e5c78739a8eea5533bc9944a5fdc14d874957
metadata/reference_results/statistical_reverification/delong_pairwise.csv,1016,ba281197aaa11f63e780276c9b4bafedf3747b2abb433315243cac55318836fc
metadata/reference_results/supplement_payload.json,142563,f19f1ff5a87bc03ddb5e0b74fdb22ede9b6b34665712dbbc15f93ce9784609ac
metadata/reference_results/supplementary_analysis_plan_v2.json,794,02d9e64e206ab12d13634c965770c0e748e3a7416e2fa92fcf477a0e13ab5320
metadata/reference_results/SVM_disagreement_records.csv,6231,dca60ee02a87ffb82a624b4963f65b8fa426bd165187a793bb95ff9fa0a78d04
metadata/reference_results/SVM_probability_check.csv,647,83364c5767e836f0d47e9f2686bb315c3c02c108501328ce2301c93f39c484b7
metadata/reference_results/table5_matched_operating_point.csv,955,0ca67607696eeb44cccb4f6841bc9a5876c88935ab56b4bd62a63c660e3ddabc
metadata/reference_results/threshold_analysis_all_models.csv,59304,0d8c95c4828d657199cef9a335d5978734cf8374feb0a833f659bfbda48fc529
metadata/reference_results/training_weight_audit.csv,240,98ad2a61ad9ad500aaefd5420980260c413a6df85754bb2c434707a622b6e0c3
metadata/reference_results/v2_starting_metric_checks.csv,2879,39023b7233baa45d8bd1c337ffc4a1f4b5ce9184acdd86d3abb933e23390ca6e
metadata/reference_results/workbook_payload_v2.json,3907771,8cdc88ad05e196288d7a0659d6a0537ed176e1c051941ae7d5754989ba2f63bd
metadata/release_validation/checks.json,843,aca50abf14f9ad4ec0131a6e05d7fe02f81c105e1b1ce178a213840b2d6fe2d7
metadata/release_validation/compileall.json,86,dd26555b1c4d6b33df6a44cb071867676ff8c96cdbfc3316222bfc8f68e54431
metadata/release_validation/compileall.log,0,e3b0c44298fc1c149afbf4c8996fb92427ae41e4649b934ca495991b7852b855
metadata/release_validation/environment.json,979,a0ebbfe9a103fc4098614c20524cd26e5869b050fbb1e5ce722398b734643add
metadata/release_validation/exact_result_comparisons.json,1224,374e3b9e23942bdc15ce18980e8b342ccf728a75fc5bdc39440b6fec0a31554a
metadata/release_validation/figures.json,94,4b8233185009ee3b7051a067f7b58ff3d02f2ddc2aa9864bb92d6fa55fc0de69
metadata/release_validation/figures.log,564,49d245596fbe2a3bcb4d5e8689aa5a6fc8037a6f594502a40005722b77f974de
metadata/release_validation/final_static_checks.json,326,c7143ee75c95064e5b623d148e58a6e75a29ecae30b4e9e84ff08d2f9f03a157
metadata/release_validation/full_analysis.json,96,cb0f0d9054fadb082b129e5fe9c5988f59a4bbac72f40a233622ac313bb17410
metadata/release_validation/full_analysis.log,116243,c4bb61f46ba573a979c66b5b68ee358b1bac6b5b8afa451edb5e5f41f2d658cc
metadata/release_validation/imports.json,89,be04f74e0f95bf2cf1372a92ce1e71a4444a631ec1b295e8e4739660ee6a47da
metadata/release_validation/imports.log,4273,00d63e83a6938223d6f33472e5265d9d51e93d0c9e5cfadd250afa61f1739d4a
metadata/release_validation/imports_initial_missing_manifest.log,4320,b277bf7fba5c452a1e149d2d573738678bc0b92c45be6b00c248e1bfe88dd85e
metadata/release_validation/pip_check.json,80,74c22c1b5937816d9734846fb9ec2bb23bfc5aebcd59d64f52d2583bbb92301a
metadata/release_validation/pip_check.log,31,672aec65a45bed50e70229c70934a7eebf0462595c459b83023027645d57cccf
metadata/release_validation/preprocessing.json,99,a54aa29a0b615c865fe3011b17daf1977daf6919baaf8ccfe7d3ac654d7cc616
metadata/release_validation/preprocessing.log,399,2e45c9a99b8595bfdf83e8776fe0b975aff22c5fd0d4da53c3a9cbe8c146be45
metadata/release_validation/tables.json,94,b4bba3dfb4a719f0edc7498d6836b94dd7f80f3e0cdf039c66d4fc2bd7db4232
metadata/release_validation/tables.log,0,e3b0c44298fc1c149afbf4c8996fb92427ae41e4649b934ca495991b7852b855
metadata/release_validation/tests.json,98,62995554526b3ade845b9463486a2cf3bf8a0dc4b8c515636c1b07b2eeeabed9
metadata/release_validation/tests.log,102,5102915e9c376c17bff29a3e647833f2f17840395a4b2203b67b8834c48e1103
metadata/reproducibility_notes.md,4679,79e6c007af6f3169a58374e51abd04988bc8e4a438c89fbe354570d7a3b39e79
metadata/scientific_logic_preservation.json,475,7d23f240f77973a958aa0dd7d8c63626748eeb49f76d95c13cbb8f14098259f5
metadata/source_migration_manifest.json,21685,f741ddefbe36128277c5a34a5bdf179dfa7fa131a5c0e28951a0cf359951b494
metadata/THIRD_PARTY_NOTICES.md,1177,89d256284101ed6392610ae22637e911d4b27125634199ad89d516e7a3364456
metadata/VERSION.txt,497,029643c6187046fad44943340e2a63368e909610b26f7aa6e32bb27552625f87
output/figures/Fig4_revision_combined.png,212153,dca1d646e573af53c5a0b6cd8579ed08d95595a9e9ecb71eac6e1c32e6fbd8fe
output/figures/Fig4_revision_combined.svg,38333,8be0cf5fe5d9c6d2b00d6ddafb727945b602b131eb263c900daccec459fcf506
output/figures/Fig4_revision_combined.tif,244878,e4aa3492eb87e67b1c25c6103efa0a9aca9d3fbb9240a4e394303739884201b0
output/figures/Fig5_revision_tradeoff.png,187168,298cffe69a7ad0660299467d7541433a61ad724c39937eca056491e9da70d60d
output/figures/Fig5_revision_tradeoff.svg,38944,dd45d575be5749d93fbb538dc4e9cae301c6e4222890ec0a6c5c5322d04df170
output/figures/Fig5_revision_tradeoff.tif,196376,6deabdafcfc1da15bedb05fb3627bfc52b9f08837ee1b08329940f6aa32aa02c
output/figures/Figure1_Warning_Response_Framework.tiff,3525496,6f932cb2d00483aea204431c10d8224eefe1d3ae0d78a4c906ef53fd52095877
output/figures/Figure2_PWDAVF_Coding_Procedure.tiff,3352770,d1105d8f753704c8f388f2c32bdc0166c8c46fe44d79d40a1b5dafed1bf2e942
output/figures/S1_Fig_revision_calibration.png,231853,8f85c48db3d20bef77578574bbd8c8a598068059c11a496280a09aceb7357059
output/figures/S1_Fig_revision_calibration.svg,35725,6adcc68a3c7e3e9a1e6e07c0c293500ca4fd9dd8ddabaad98ccf9961592d9549
output/figures/S1_Fig_revision_calibration.tif,247634,17d1a78cea7a2ff5e7bf0bc7db3854538ff8fd25a20dfae5d72af10427767a82
output/figures/S2_Fig_matched_alert_burden.png,128472,606bf94f17129eceeb5906923aa59f419f3d0331b6f43f344aeaa9ca71b07ba5
output/figures/S2_Fig_matched_alert_burden.svg,16051,957c32356497ee6fc5324d18dd2003ba78e406deb4e5c5673531d7a6c53b428f
output/figures/S2_Fig_matched_alert_burden.tif,167228,acbb5fb15e459db4dfa66c4ed4033135fd6a62f4c801a20e4dc331e6763bf691
output/figures/S3_Fig_cost_sensitivity.png,259774,a0a9651a431113efaac2130982194ea005b13a366da41c5c981a36114f8f4423
output/figures/S3_Fig_cost_sensitivity.svg,68733,ec8cc62ea36e74bead03bbddbf28d21edbb1d616d7052f087d6f66c84972ee47
output/figures/S3_Fig_cost_sensitivity.tif,287750,c968ccaca56f2626efc079f9e6726407b704e9d8f9e65f4cc05343b57f85832a
output/metadata/baseline_comparison.json,14645,e5d5a96b7b21dcf720049496e9ff0d02d2af7ec84aa84c64649a703677c22388
output/metadata/dependency_versions_v2.json,247,217499627a18525bed8e3b44bdeed78547ee3948a6320fc94f630c6815154492
output/metadata/figure_export_audit_v2.csv,494,2f189e34a8041572d64f8e8baf1d958eeaf70bec932615e7b76138562bf53816
output/metadata/figure_source_bindings_v2.json,4946,229770a14143296121dcaa1171c0692b7be8695506b11c5fbb5f356a055d54ee
output/metadata/manuscript_baseline_tables.json,8757,936966d9c20ed9bf51602f9abc71bc1b509e8b94464fc8f525582dddede59e0f
output/metadata/original_reproduction_report.md,9270,a4462668d7cf59733a6adcbd92ddb3d6b6d96c91a972d15377014d5aa66a5e1e
output/metadata/original_source_manifest.json,3831,4a0ce0cb95ea83b19ade525e53b4f01566a6b17b1c942e8571fc703a935ada7f
output/metadata/package_run_check.json,510,4bd501e7810b746d0b945c3d109580f472f9c282daa430d52dc6e52652482d45
output/metadata/package_static_check.json,4271,be3ff4073c9b24b84ffacfb5e022b55fdd743e4f8416225ecb49ae91462c6159
output/metadata/preprocessing_check.json,351,af99a0e7752c365710dd1be6a2408a372d90b87a6ce8c800e37235d0481187a1
output/metadata/reference_comparison.json,1488,d50160bc26635db173431c61f8389f4ed5a5c54cc58dc5a80a95a4c2215dd81e
output/metadata/statistical_reverification_v2.json,289,b22b763678bc79d3f1d266103c781e0529bb2ec3d9ffe60a2c87ef0653fb0547
output/metadata/v2_source_manifest.json,659,4af794746ffca0d7d624a831075b3ad839d3963753a12bb2a85ba26a1df692cc
output/metadata/v2_starting_hashes.json,611,f38e015601d810edc6b0b592f88f25e8e55d7b01666a71bcb504309f3faccaaf
output/metadata/v2_starting_state_check.md,794,3fb0f1281a474c5d9845ec9db1e70ddd6802cad8a1f6be8d46125453dc2d019e
output/tables/actual_pipeline_parameters.json,14767,303c1ea2439cebc1c197e008054648c8fde20febb607628165178708dd7b1d6c
output/tables/bootstrap_2000_raw.csv,1113875,f3d5a8fee5fc28489ff8367c335a48cf1cc98a1b43616bb1b70ce0be2485e290
output/tables/bootstrap_2000_summary.csv,1807,b6f6fd55d1eb7eef44328c20d8d067b675339d32c344c172c5c55528f25e7d40
output/tables/bootstrap_paired_indices.npz,2691770,d9d609ba3dbf7aa3d1f430de5213b89c5fbe5fe131236b6475239c7dac75671d
output/tables/calibration_bin_data.csv,4556,e3b665e3cc8e11c6636d66052715887b3c30e3da89ce06ffdf27bb34be0d36d3
output/tables/calibration_results.csv,292,122adae019b09daf71970b0419c83648b493f0c7183d09e6a465802a33a33fce
output/tables/cost_ratio_sensitivity_full.csv,650795,f8b5ccb955502a275156bbe2e57023412bc60b851a97b07c527b4cd4d9fd3ef3
output/tables/cost_ratio_sensitivity_summary.csv,10572,41fb1f56b90528ea98a2ca3e2e3b4958fc9b43f13227bbd87ac0ed04c291e8d2
output/tables/cross_validation_fit_audit.json,114782,11bcd365993a7549ac797d9065c9e372d4746d3fdc0cad0eee06e6f8656d1ede
output/tables/cross_validation_fold_results.csv,1338,54a377473b88aac1fe26fbbf21a01367cd69a9184845b8eac6854d1103b7c123
output/tables/cross_validation_results.csv,565,dcde913d80ad87b9c9b7e2c8f2b2755ce0a39e9db73f1ae7ae1f17178dddb338
output/tables/curve_source_data.csv,152024,3615fab4ca3be31a1f6b76b586bff6af1aa98fd407fd3834102dcf17eb0806fb
output/tables/delong_covariance.json,784,d1348d8fbb63987da96638ab1f8e5c78739a8eea5533bc9944a5fdc14d874957
output/tables/delong_pairwise.csv,1016,ba281197aaa11f63e780276c9b4bafedf3747b2abb433315243cac55318836fc
output/tables/held_out_predictions.csv,79899,864857d5a6e91204dffdbb975a87f7380cbc0c93657675f46317a95ec0a28db5
output/tables/LR_calibration_fixed_bins.csv,1228,5f34e8a8e3a54d14297770ee86265e8408ea0f0f0e6975ceeabb27e51adeed58
output/tables/matched_alert_burden_analysis.csv,4594,430cfae32287e8f55ce81880ed5a55f4b8c3a8640f2e5081ebb353ff9ce1b629
output/tables/mcnemar_pairwise.csv,926,b749af0ce838d3b50d302c6a5a8f19fb2e889e6edf212a98c9d0061ab994d89c
output/tables/model_configuration_revision.csv,1804,d7113f9ca42f50e7e3ae85aaaa38e82982f93e75bb4638b6fb29bcf460def91a
output/tables/model_performance_revision.csv,990,569e1506a489d4556c241853d4adb56a03aa76d3540ff9cc9703ef7d20f729c6
output/tables/repeated_cv_fit_audit.json,1215718,8fcbb3f2b74a641232abf50c5de4f12ae4eb5266165afc8e179361802cbe49b6
output/tables/repeated_cv_fold_results.csv,17848,40a8e85c52c0901b6a607e23987af102d4f810719d47ce09b848614c0c5c1e85
output/tables/repeated_cv_summary.csv,553,f910b3ae15c79b7be428b543e44ee1f707d27565cf24d8ecd285b0b9cb302a41
output/tables/resampling_actual_pipeline_parameters.json,14171,83396f61e79e21e1a132e83a2c5a81130adb18c9e69af1d7be551be397148b2d
output/tables/resampling_cv_fit_audit.json,10088622,1e680deb7d5b3d5213290fe0eb3bfba8f8c1899f472e037f04dc994031bc04cb
output/tables/resampling_cv_fold_results.csv,17665,c38ec5b1ca48da0b7adb39fc1ebac3b1a979f4d51c9c8b92cb35ac5db883ba91
output/tables/resampling_cv_summary.csv,550,1b329a7a6c30bb0e0969825b50283d75010a5c725e4633c5588ebcd1ccb35c9f
output/tables/resampling_held_out_predictions.csv,61094,087c5d79f32954a3f2c8ed7a0cfdd44b9cd37e5f62e9f6e4c253e204ef9afc89
output/tables/resampling_heldout_fit_audit.json,259659,ca104fc277971a942380e8f92e3975df08b73e596881f964663a9e66cdedf565
output/tables/resampling_sensitivity_cv.csv,1024,8882497163b96764bc739e09510041fd708652f924ecf7805ca6048b42b28600
output/tables/resampling_sensitivity_test.csv,2036,d0458b44ca0bc7417cb83b618a29f2e8e820db2e990a6ee8a2092a3a5840f0b4
output/tables/run_metadata.json,6837,e71432623c17fe156ac5a42dc40530e9c9ee8c0a5a965c40a7140dd60b6c98b1
output/tables/run_metadata_v2.json,6384,9b3e0f5360d4418b33396af0f174209072ea14c7b6298de092fd3e5713598eed
output/tables/S4_Table_bootstrap_confidence_intervals.csv,1807,b6f6fd55d1eb7eef44328c20d8d067b675339d32c344c172c5c55528f25e7d40
output/tables/split_assignments.csv,34324,f057d02309a68b9f5c0a9ae4cde549ea729cb0930ec5cdecf05d0d1b9016a9e8
output/tables/statistical_reverification/delong_covariance.json,784,d1348d8fbb63987da96638ab1f8e5c78739a8eea5533bc9944a5fdc14d874957
output/tables/statistical_reverification/delong_pairwise.csv,1016,ba281197aaa11f63e780276c9b4bafedf3747b2abb433315243cac55318836fc
output/tables/supplementary_analysis_plan_v2.json,794,02d9e64e206ab12d13634c965770c0e748e3a7416e2fa92fcf477a0e13ab5320
output/tables/SVM_disagreement_records.csv,6231,dca60ee02a87ffb82a624b4963f65b8fa426bd165187a793bb95ff9fa0a78d04
output/tables/SVM_probability_check.csv,647,83364c5767e836f0d47e9f2686bb315c3c02c108501328ce2301c93f39c484b7
output/tables/Table4_heldout_model_performance.csv,990,569e1506a489d4556c241853d4adb56a03aa76d3540ff9cc9703ef7d20f729c6
output/tables/Table5_decision_cutoff_alert_burden.csv,955,0ca67607696eeb44cccb4f6841bc9a5876c88935ab56b4bd62a63c660e3ddabc
output/tables/table5_matched_operating_point.csv,955,0ca67607696eeb44cccb4f6841bc9a5876c88935ab56b4bd62a63c660e3ddabc
output/tables/threshold_analysis_all_models.csv,59304,0d8c95c4828d657199cef9a335d5978734cf8374feb0a833f659bfbda48fc529
output/tables/training_weight_audit.csv,240,98ad2a61ad9ad500aaefd5420980260c413a6df85754bb2c434707a622b6e0c3
output/tables/v2_starting_metric_checks.csv,2879,39023b7233baa45d8bd1c337ffc4a1f4b5ce9184acdd86d3abb933e23390ca6e
outputs/metadata/dataset_validation.json,521,42a50aa4688bd0c943b3f2bfff068162f315906998aea47f757eeca6775052ad
outputs_v2/figures/threshold_workload.png,152943,52cd17895834f6de1d0e90a6fcfa097076ac855a9609a6e280c58a131edd10d5
outputs_v2/metadata/model_parameters.json,1847,491bb4048e424c719b507ad0e9ce6e52e7c09b0a209871fc0747762b3c6277f6
outputs_v2/metadata/run_metadata.json,2655,0ecb841280580bc064f8d08f32099436b13cd7c0de4024c430534e01686ca811
outputs_v2/tables/logistic_regression_threshold_sensitivity.csv,962,7afa20d4af5c5029403014c418cb0909fc061d60ab99e058efdb1d7e87fdf41d
outputs_v2/tables/model_performance.csv,683,3d462d052924adaf309d9515e2a74982d7d6710ebb79897ee2eda88ed830e439
pytest.ini,94,7f316c87a8f21df80b6a0ea25b596767dd4387be53415402f8e170b1fb519642
README.md,9286,dda1eb54bb0efe2b890c5044ed5d368c7782578a5fbd79109506cd8fb1d16087
RELEASE_CHECK_REPORT.md,6970,0e1dc68613fa67d703b3bd173a617d15f7e466fe9f0c06ff5228de239ccd8fe8
requirements.txt,462,a4a11a95c8e9c62ee703b0bc7b86b709ee416cd18044cc7f45cd913d9b27265e
scripts/generate_figures.py,257,9d1ae63c02cc6cc8922f8362f07138064f40ac90dab4e825e5bbfacc3e1ee318
scripts/generate_tables.py,257,3c270bd67fcb2d4a006d8e81f263a58212e7624608e070c828f04f52784fb8b1
scripts/run_all_analysis.py,267,4d0906769194c4599b92b0d5d38c1222e8ac82a885a0bacad00e6a788d142130
src/__init__.py,76,b29b924b3ebca434479d0f2208771ff83c543961c335a13ccb0174eef114dcde
src/check_package.py,3433,ff89ab02946cfc346e2793561c65530e1d91a64a101d2b272ec243e81a227078
src/download_data.py,1095,ca40333103374e53a96666542d214874bbf53f6aedb4372d8ddd1c7da41d9863
src/evaluation/__init__.py,43,c706ac38211d661cd888b753d881fc05a8557ad40b5b0d11152722959db42358
src/evaluation/check_baseline.py,4449,7a7928eb0ffc190729d2db48b7d5b49a9d5c46a4b3e61d3f1b306784e2742c73
src/evaluation/export_tables.py,157,98e93965593169bf976be7512318cf2360640af9a1f9d3f552dec300ac6b29f1
src/evaluation/model_performance.py,155,8415588576f882c7d25a026cdd279e569ce4b63b76d381d776b95814c697bf25
src/evaluation/threshold_analysis.py,240,74501495b989cdd42c32bdb119a87b8ad0854d0adc5d66bc03df13d63f0d23ae
src/figure_generation/__init__.py,43,c706ac38211d661cd888b753d881fc05a8557ad40b5b0d11152722959db42358
src/figure_generation/diagram_export.py,1952,158b0e922a519e12afb3e76f06f5b1c7ac93d866e8c886cae8dc339f2da74b5e
src/figure_generation/export_powerpoint.ps1,593,8e6ef2670bcc54f1e8496aa1e5e634a78956664ff75fcfe93dec3049effc5f87
src/figure_generation/figure1_framework.py,216,6a8aa66eaf0d2b269e3f6bb05f6559f518856f6dde978d320223844113fa8c49
src/figure_generation/figure2_architecture.py,194,3a6c8b382a6995c5b7371cef601f3004d74c93503484269d0220d1ffbf7a2560
src/figure_generation/figure3_response_chain.py,213,524f60c8c73c194141cb925f01cb45f0a59d890b2623767d5389fdf806475831
src/figure_generation/figure4_model_performance.py,148,c657b0074111e890c38b4ee57e03543bab6a3e42658bcc5f636dc5f003949f56
src/figure_generation/figure5_threshold_workload.py,148,324154d31eabf6cac116de0a9e460b29da7f676d73ecb0a151b1b077140d2998
src/figure_generation/figure6_calibration.py,159,ea6b2cb08d53199e87d5c77a682b0602868338239bb8c4d2b4cc1c0ba034ad80
src/figure_generation/generate_all.py,249,35b91215e55599d6899157d0ecd07e72fb7bd2dad7894ca28c3023ea4cfdbec1
src/figure_generation/plot_v2.py,7051,abfe76ef74d77b8084d1bad738eb53e13f4d4e740e662275e03e3a384bdccbf6
src/figure_generation/sources/Final_Method_Diagrams.pptx,22959,ebfb350a60b99b75d8e56400a806eaac631e972e432167751906b2936ff7ced0
src/figure_generation/sources/legacy/1111 6.30.pptx,47370,61f31229b6db4b6916810b4ccdd912234484c6e25c85ee91cbb23ff5c3806dc9
src/figure_generation/sources/legacy/redraw_fig3.R,4882,0ede95e66eccef7228fca99f362a6c8667568a2d47e26c6dd604815316067cc7
src/model_training/__init__.py,43,c706ac38211d661cd888b753d881fc05a8557ad40b5b0d11152722959db42358
src/model_training/run_revision.py,13748,377b40034e8262d63c2695d433b06a19785767c1027531803b421a30ea0f55ce
src/preprocessing/__init__.py,43,c706ac38211d661cd888b753d881fc05a8557ad40b5b0d11152722959db42358
src/preprocessing/preprocess.py,311,89a164d9b78fd4559b98ef59164f2bec386f621b3b2a54bd40bc816b78d35301
src/run_all.py,276,ec27529fb0a2096a02c0da4e0bd9fdfdf1a07929596ed014e479d70c2b74cdff
src/run_revision_all.py,153,871f62e7ae12f4c57fdbf0fdeb39695ff49d2891d28692532532a77416c16bc8
src/statistics/__init__.py,43,c706ac38211d661cd888b753d881fc05a8557ad40b5b0d11152722959db42358
src/statistics/bootstrap_analysis.py,163,dee83098bcaec62637d9688b9f9eb0bd0141427a8837ff7cf81f262ed3cfe097
src/statistics/robustness_analysis.py,165,4508adda7ba8f4d49ea0322bd523a8242c97e97ea80ec1778d50bd81828435e0
src/statistics/supplement_v2.py,15853,95cdf10b9a6ada11f6e06f9b33b3a5cdd0f429a40c372a101205ba7fc30c2532
src/summarize_case_screening.py,1295,a42515d98a77b6c205eac17d1120b9e90d10c5d9dbc11fb7833e8fb42bccc068
src/utils.py,1312,93c43979968338b9886f3b20fef3ded238293017e96307d6da78c9301d119a17
src/v2_pipeline.py,9756,6ab015d7d71c288835a59d083865f48d29a181701df4bb90171ef714ca3cf00d
src/validate_data.py,1230,469da6507e807c4446ab40e442c91f269e0f9641b6b82ba211e6f509efe0bb4f
src/workflow.py,5043,613eb8dc44bac0b23333005712c2911f5a22e845a8bfd821c8cbaec97be84153
tests/reproducibility_check.py,277,d9e249faf5f5d339b2284542af930a3925fabc906be56f478a380a638d830ca5
tests/test_revision.py,6262,c25c71dd66149e0bd34744fa7f55360000cc99a169a63f5f245630ae16f654be
tests/test_v2.py,8188,c34d37622d2e5cea12c294aab0be7c3d981f7defdc6f3ab60594128fabc4c2c6
