candidate_id,final_case_id,case_title,hazard_type,country_or_region,event_year,source_title,source_url,source_type,source_quality_level,database_or_website,search_query,search_date,duplicate_status,eligibility_status,exclusion_reason,coding_status,notes
S1-01,S1-01,Inner Mongolia Alxa Xinjing open-pit coal mine collapse,Slope collapse / open-pit instability,China,2023,NR,https://web.archive.org/web/20230829170829/https://www.mem.gov.cn/gk/sgcc/tbzdsgdcbg/2023dcbg_5532/202308/P020230829554887762749.pdf,Official accident investigation report,A,NR,NR,NR,NR,included,not applicable,coded once,Retained as A-level Chinese official investigation case.
S1-02,S1-02,Guizhou Panzhou Shanjiaoshu Coal Mine fire,Belt fire / underground fire,China,2023,NR,https://www.chinamine-safety.gov.cn/zfxxgk/fdzdgknr/sgcc/sgalks/202409/t20240919_501797.shtml,National Mine Safety Administration accident case,A,NR,NR,NR,NR,included,not applicable,coded once,Core S1 case; W kept at 0.5 to avoid overstating warning support.
S1-03,S1-03,Chongqing Yongchuan Jinshangou Coal Mine gas explosion,Gas explosion,China,2016,NR,https://www.gov.cn/xinwen/2016-11/01/content_5127269.htm,Official government notice / safety bulletin,B,NR,NR,NR,NR,included,not applicable,coded once,Retained with conservative W coding.
S1-04,S1-04,Wangjialing coal mine flood,Water inrush / inundation,China,2010,NR,https://www.gov.cn/jrzg/2010-04/05/content_1574059.htm,Official government rescue record,B,NR,NR,NR,NR,included,not applicable,coded once,Useful response-action case; not used to overclaim V/F.
S1-05,S1-05,Soma mine disaster,Mine fire / carbon monoxide poisoning,Turkey,2014,NR,https://doi.org/10.1016/j.ssci.2018.05.028,Peer-reviewed analysis plus public reports,C,NR,NR,NR,NR,included,not applicable,coded once,International comparison case; C-level source retained because it supports engineering safety discussion.
S1-06,S1-06,Pike River Mine disaster,Methane explosion,New Zealand,2010,NR,https://pikeriver.royalcommission.govt.nz/Final-Report,Royal Commission final report,A,NR,NR,NR,NR,included,not applicable,coded once,A-level international inquiry case.
S1-07,S1-07,Upper Big Branch Mine-South disaster,Coal dust / methane explosion,United States,2010,NR,https://web.archive.org/web/20120111061901/http://www.msha.gov/PerformanceCoal/PerformanceCoal.asp,MSHA final investigation / official archived report,A,NR,NR,NR,NR,included,not applicable,coded once,A-level MSHA case with strong enforcement and feedback evidence.
S1-08,S1-08,Sago Mine disaster,Explosion / entrapment,United States,2006,NR,https://web.archive.org/web/20060318050346/http://www.msha.gov/sagomine/sagomine.asp,MSHA official archived investigation page,A,NR,NR,NR,NR,included,not applicable,coded once,"Warning coded conservatively; strong response, verification, and learning evidence."
S1-09,S1-09,Aracoma Alma Mine No. 1 fire,Belt fire / carbon monoxide,United States,2006,NR,https://web.archive.org/web/20160512203205/http://arlweb.msha.gov/Fatals/2006/Aracoma/FTL06c1415.pdf,MSHA final investigation report,A,NR,NR,NR,NR,included,not applicable,coded once,A-level MSHA report; W is partial unless alarm-to-action is explicitly cited in the manuscript.
S1-10,S1-10,Darby Mine No. 1 disaster,Methane explosion,United States,2006,NR,https://arlweb.msha.gov/Fatals/2006/Darby/FTL06c2731.pdf,MSHA final investigation report,A,NR,NR,NR,NR,included,not applicable,coded once,A-level MSHA report retained.
S1-11,S1-11,Crandall Canyon Mine disaster,Ground fall / coal burst,United States,2007,NR,https://web.archive.org/web/20070819232550/http://www.msha.gov/genwal/crandallcanyon.asp,MSHA official archived investigation page,A,NR,NR,NR,NR,included,not applicable,coded once,A-level MSHA case with strong hazard-control and enforcement relevance.
S1-12,S1-12,Jim Walter Resources No. 5 / Brookwood Mine disaster,Methane / coal-dust explosions,United States,2001,NR,https://www.msha.gov/data-and-reports/fatality-reports/search,MSHA final investigation record,A,NR,NR,NR,NR,included,not applicable,coded once,Use MSHA report title in manuscript/source note if a direct PDF is cited.
S1-13,S1-13,Quecreek No. 1 Mine inundation and rescue,Water inundation / trapped miners,United States,2002,NR,https://web.archive.org/web/20040930001550/http://www.dep.state.pa.us/dep/deputate/minres/dms/website/accidents/quecreek/InvestigationReportFinal/InvestigationReportFinal.pdf,Pennsylvania DEP investigation report,A,NR,NR,NR,NR,included,not applicable,coded once,Strong positive closed-loop rescue case.
S1-14,S1-14,Consol No. 9 / Farmington Mine disaster,Explosion / underground fire,United States,1968,NR,https://wwwn.cdc.gov/NIOSH-Mining/MMWC/MineDisasters/Table; https://minesafety.wv.gov/historical-statistical-data/wv-mine-disasters-1884-to-present,NIOSH historical disaster table and state mine-disaster record,A,NR,NR,NR,NR,included,not applicable,coded once,Historical official case; P/W coded conservatively.
S1-15,S1-15,Westray Mine disaster,Methane / coal-dust explosion,Canada,1992,NR,https://novascotia.ca/lae/pubs/westray/,Official public inquiry report,A,NR,NR,NR,NR,included,not applicable,coded once,A-level inquiry case with strong feedback-learning value.
S1-16,S1-16,Moura No. 2 Mine disaster,Methane explosion,Australia,1994,NR,https://www.publications.qld.gov.au/dataset/moura-no-2-mine-accident-report,Queensland official inquiry report,A,NR,NR,NR,NR,included,not applicable,coded once,A-level official inquiry case.
S1-17,S1-17,Scotia Mine disaster,Methane explosions,United States,1976,NR,https://wwwn.cdc.gov/NIOSH-Mining/MMWC/MineDisasters/Table,NIOSH Historical Mine Disasters / official disaster record,A,NR,NR,NR,NR,included,not applicable,coded once,Historical official case retained with conservative P/W coding.
S1-18,S1-18,Finley Coal No. 15 and 16 / Hyden disaster,Explosion,United States,1970,NR,https://wwwn.cdc.gov/NIOSH-Mining/MMWC/MineDisasters/Table,NIOSH Historical Mine Disasters / official disaster record,A,NR,NR,NR,NR,included,not applicable,coded once,Historical official case retained with conservative P/W coding.
S1-19,S1-19,Blacksville No. 1 Mine fire,Underground mine fire,United States,1972,NR,https://wwwn.cdc.gov/NIOSH-Mining/MMWC/MineDisasters/Table; https://minesafety.wv.gov/historical-statistical-data/wv-mine-disasters-1884-to-present,NIOSH Historical Mine Disasters / official disaster record,A,NR,NR,NR,NR,included,not applicable,coded once,Historical official case retained with conservative P/W coding.
S1-20,S1-20,Buffalo Mining Co. / Buffalo Creek impoundment failure,Coal refuse dam failure / flood,United States,1972,NR,https://wwwn.cdc.gov/NIOSH-Mining/MMWC/MineDisasters/Table; https://minesafety.wv.gov/historical-statistical-data/wv-mine-disasters-1884-to-present,NIOSH Historical Mine Disasters / official disaster record,A,NR,NR,NR,NR,included,not applicable,coded once,Included as mining-related water/impoundment failure case; keep P/W conservative.
S1-21,S1-21,Mid-Continent Resources Dutch Creek No. 1 disaster,Explosion,United States,1981,NR,https://wwwn.cdc.gov/NIOSH-Mining/MMWC/MineDisasters/Table,NIOSH Historical Mine Disasters / official disaster record,A,NR,NR,NR,NR,included,not applicable,coded once,Historical official case retained with conservative P/W coding.
S1-22,S1-22,Wilberg Mine fire,Underground mine fire,United States,1984,NR,https://wwwn.cdc.gov/NIOSH-Mining/MMWC/MineDisasters/Table; https://www.msha.gov/data-and-reports/fatality-reports/search,NIOSH Historical Mine Disasters / MSHA official records,A,NR,NR,NR,NR,included,not applicable,coded once,Historical official case retained with conservative P/W coding.
S1-23,S1-23,McClure No. 1 Mine explosion,Explosion,United States,1983,NR,https://wwwn.cdc.gov/NIOSH-Mining/MMWC/MineDisasters/Table,NIOSH Historical Mine Disasters / official disaster record,A,NR,NR,NR,NR,included,not applicable,coded once,Historical official case retained with conservative P/W coding.
S1-24,S1-24,William Station No. 9 Mine explosion,Explosion,United States,1989,NR,https://wwwn.cdc.gov/NIOSH-Mining/MMWC/MineDisasters/Table,NIOSH Historical Mine Disasters / official disaster record,A,NR,NR,NR,NR,included,not applicable,coded once,Historical official case retained with conservative P/W coding.
S1-25,S1-25,"No. 3 Mine, Norton, Virginia disaster",Explosion,United States,1992,NR,https://wwwn.cdc.gov/NIOSH-Mining/MMWC/MineDisasters/Table,NIOSH Historical Mine Disasters / official disaster record,A,NR,NR,NR,NR,included,not applicable,coded once,Historical official case retained with conservative P/W coding.
S1-26,S1-26,Rolling Thunder Mine inundation fatality,Inundation / underground coal,United States,2025,NR,https://www.msha.gov/sites/default/files/Data_Reports/Fatality_Reports/2025/Fatality-11-08-2025-2025-25-109.pdf,MSHA final fatality report,A,NR,NR,NR,NR,included,not applicable,coded once,Added A-level recent official MSHA case.
S1-27,S1-27,Mountain View Mine powered-haulage fatality,Powered haulage / underground coal,United States,2025,NR,https://www.msha.gov/sites/default/files/Data_Reports/Fatality_Reports/2025/Fatality-11-06-2025-2025-25-108.pdf,MSHA final fatality report,A,NR,NR,NR,NR,included,not applicable,coded once,Added A-level recent official MSHA case.
S1-28,S1-28,Lower War Eagle Mine powered-haulage fatality,Powered haulage / underground coal,United States,2025,NR,https://www.msha.gov/sites/default/files/Data_Reports/Fatality_Reports/2025/Fatality-12-18-2025-2025-25-111.pdf,MSHA final fatality report,A,NR,NR,NR,NR,included,not applicable,coded once,Added A-level recent official MSHA case.
S1-29,S1-29,Marfork Processing hoisting fatality,Hoisting / facility operation,United States,2025,NR,https://www.msha.gov/sites/default/files/Data_Reports/Fatality_Reports/2025/Fatality-08-26-2025-2025-25-107.pdf,MSHA final fatality report,A,NR,NR,NR,NR,included,not applicable,coded once,Added A-level recent official MSHA case.
S1-30,S1-30,Adkins Coal Mine No. 11 disaster,Explosion,United States,1981,NR,https://wwwn.cdc.gov/NIOSH-Mining/MMWC/MineDisasters/Table,NIOSH Historical Mine Disasters / official disaster record,A,NR,NR,NR,NR,included,not applicable,coded once,Added official historical coal-mine case; P/W coded conservatively.
S1-31,S1-31,Grundy Mining Co. Mine No. 21 disaster,Explosion,United States,1981,NR,https://wwwn.cdc.gov/NIOSH-Mining/MMWC/MineDisasters/Table,NIOSH Historical Mine Disasters / official disaster record,A,NR,NR,NR,NR,included,not applicable,coded once,Added official historical coal-mine case; P/W coded conservatively.
S1-32,S1-32,RHF No. 1 Mine disaster,Explosion,United States,1982,NR,https://wwwn.cdc.gov/NIOSH-Mining/MMWC/MineDisasters/Table,NIOSH Historical Mine Disasters / official disaster record,A,NR,NR,NR,NR,included,not applicable,coded once,Added official historical coal-mine case; P/W coded conservatively.
EX-01,NR,C02 Pingdingshan Tianan No. 12 mine accident,NR,NR,NR,NR,NR,NR,NR,NR,NR,NR,NR,excluded/not carried into final set,"Recent case is useful, but source support was weaker than the official-source cases added in .",not in final coding table,Not carried into case set
EX-02,NR,C06 Jilin Babao Coal Mine explosions,NR,NR,NR,NR,NR,NR,NR,NR,NR,NR,NR,excluded/not carried into final set,Candidate case was not used in the case set because stronger official-source cases were available.,not in final coding table,Not carried into case set
EX-03,NR,C09 Xinxing coal mine explosion,NR,NR,NR,NR,NR,NR,NR,NR,NR,NR,NR,excluded/not carried into final set,Candidate case relied on public summary/encyclopedia-style source rather than a submission-grade primary source.,not in final coding table,Excluded from final table
EX-04,NR,C13 Tabas coal mine explosion,NR,NR,NR,NR,NR,NR,NR,NR,NR,NR,NR,excluded/not carried into final set,Candidate case lacked submission-grade source support for the full response-chain coding.,not in final coding table,Excluded from final table
EX-05,NR,C14 Kostenko mine disaster,NR,NR,NR,NR,NR,NR,NR,NR,NR,NR,NR,excluded/not carried into final set,"International case can be discussed in text, but Table S1 prioritizes official-source coding rows.",not in final coding table,Not carried into case set
EX-06,NR,C15 Listvyazhnaya mine disaster,NR,NR,NR,NR,NR,NR,NR,NR,NR,NR,NR,excluded/not carried into final set,"International case can be discussed in text, but Table S1 prioritizes official-source coding rows.",not in final coding table,Not carried into case set
EX-07,NR,C16 Raspadskaya mine explosion,NR,NR,NR,NR,NR,NR,NR,NR,NR,NR,NR,excluded/not carried into final set,Candidate case relied on public summary-level evidence for P-W-D-A-V-F coding.,not in final coding table,Excluded from final table
EX-08,NR,C30 Gresford disaster,NR,NR,NR,NR,NR,NR,NR,NR,NR,NR,NR,excluded/not carried into final set,Historical case retained out of final table because final coding evidence was weaker than official MSHA/NIOSH alternatives.,not in final coding table,Excluded from final table
EX-09,NR,C32 Coalbrook mining disaster,NR,NR,NR,NR,NR,NR,NR,NR,NR,NR,NR,excluded/not carried into final set,Historical case retained out of final table because final coding evidence was weaker than official MSHA/NIOSH alternatives.,not in final coding table,Excluded from final table
