Case ID,Source package member,Bytes,SHA256
S1-01,Final_Coder_Source_Package/S1-01/S1-01_Alxa_Official_Investigation_Report.pdf,2422923,6e3f6906e249ee2052213c7b0c1f7b91a3e28b0c5b99583dd773702da66dde84
S1-02,Final_Coder_Source_Package/S1-02/S1-02_Shanjiaoshu_NMSA_Official_Case.html,32845,fb3db20359b67913f0036b692c4cea5777134b01a62b490de379484702d502b5
S1-03,Final_Coder_Source_Package/S1-03/S1-03_Jinshangou_Official_Investigation_Report.pdf,999672,664567ada5ef51e27e67897b39650f736f99425997acae129c330a2887c464d7
S1-04,Final_Coder_Source_Package/S1-04/S1-04_Wangjialing_NMSA_Disposition_Notice.html,58848,1ca6a1d58f212e8a83d88f17bca1ddc41d0316cf518c3c57d3ec34526bd8b589
S1-05,Final_Coder_Source_Package/S1-05/S1-05_Soma_TBMM_Report_Part1.pdf,67062236,7cf9d5373db4ee6566de5151be37b88d23356f60c8979afb7b5b340e02bc4378
S1-05,Final_Coder_Source_Package/S1-05/S1-05_Soma_TBMM_Report_Part2.pdf,77357428,f60f912bf89e1744796fbb1eb814f5ffb3b9901dc8a5852b4a3ebc72fdd0385b
S1-06,Final_Coder_Source_Package/S1-06/S1-06_Pike_River_Royal_Commission_Final_Report_Volume_1.pdf,1487160,70ee56b78e343e358c82dd364bb2fb78899b7cc4ecbed8e0b94269caf2e88de1
S1-06,Final_Coder_Source_Package/S1-06/S1-06_Pike_River_Royal_Commission_Recommendations.html,21632,f5d8d876ca31f0ee6b2f58bfd702ef80e6b4fc697aaabcf3909d853a7fb8dc9b
S1-06,Final_Coder_Source_Package/S1-06/S1-06_Pike_River_Royal_Commission_Vol1_Part1.html,36991,2614c6eecaf43497e73ae1778e4d4f06f98e75c7a948bbae2a9d5a71e1dd52af
S1-06,Final_Coder_Source_Package/S1-06/S1-06_Pike_River_Royal_Commission_Vol1_Part2.html,34279,992ca6fb0653f15fe1cfd7b4954dea02c784c095aedd3d76da2d03cf9a51c07d
S1-07,Final_Coder_Source_Package/S1-07/S1-07_Upper_Big_Branch_MSHA_Final_Report.pdf,74951377,40d593ea729666341f06b5e31e345a09913b18515407de102079fdacfc75e7d0
S1-08,Final_Coder_Source_Package/S1-08/S1-08_Sago_MSHA_Final_Report.pdf,2437141,f633909379b0a10ad1689cf5dda7b0c85fc35eb3101475c6314d25888e036305
S1-09,Final_Coder_Source_Package/S1-09/S1-09_Aracoma_MSHA_Final_Report.pdf,1188253,3cd94fc40b92ce284fe1a8c3cf97a929595d61c6b254904b67fdc8c4d79a2223
S1-10,Final_Coder_Source_Package/S1-10/S1-10_Darby_MSHA_Final_Report.pdf,1037521,09cb8260e6740edb4c2c5f097925e68ae415d568e43b7995250ae6c409ae4e5f
S1-11,Final_Coder_Source_Package/S1-11/S1-11_Crandall_Canyon_MSHA_Archived_Investigation_Page.html,36623,15172127d8f00aba3612693b84a56675811301a57ce08923a742dd53658faeb2
S1-11,Final_Coder_Source_Package/S1-11/S1-11_Crandall_Canyon_MSHA_Full_Investigation_with_Appendices.pdf,42368670,63f9cd7cd8e8930aad58376421e9f340d06659f4cb2980291a32e8eb7aeaa531
S1-12,Final_Coder_Source_Package/S1-12/S1-12_Brookwood_MSHA_Final_Report.pdf,1733175,27d6c25b68061a0d8c1f2bcf8477e05158ef8bce65bb76e59b70049f720ed171
S1-13,Final_Coder_Source_Package/S1-13/S1-13_Quecreek_MSHA_Investigation_Report.pdf,7362746,9fb0f400f265775c5072ffd39eb0133a9fa05c07b0717d15a7310ba4e5a833e0
S1-13,Final_Coder_Source_Package/S1-13/S1-13_Quecreek_PA_DEP_Final_Report.pdf,163358,1fd544238030e566f29e68d3b54eadee31f42fcbbcb14e81f6237134918a9f70
S1-14,Final_Coder_Source_Package/S1-14/S1-14_Farmington_NIOSH_Technology_News_535.pdf,289728,56dd904355acf6a7fb87e275c463d000bfa2100ecb68bbbe5a86a68bd6ae4df9
S1-14,Final_Coder_Source_Package/S1-14/S1-14_Farmington_WV_Official_Historical_Record.html,82078,61a7b76cde042cec49a79b26d316c58c8089d1ef817a4568421650aae07bba5d
S1-15,Final_Coder_Source_Package/S1-15/S1-15_Westray_Official_Inquiry_Recommendations.html,65145,fa7d10856a2c59c4b2a43ae930f58a4bcf0e8611f7b67d5756aba1e0f4ec6c57
S1-15,Final_Coder_Source_Package/S1-15/S1-15_Westray_Official_Inquiry_Summary.html,39336,a76c3bb99e3046db320e90740f3a2966dcc1128cbcc20b4cb6c2711e1a353b9a
S1-16,Final_Coder_Source_Package/S1-16/S1-16_Moura_No2_Wardens_Inquiry_Report_THIRDPARTY_HOSTED.pdf,582276,b775df8d2383d9e0f6389e145e06d97d52b3fd1496a75d4d6078bd5e8b778e3b
S1-16,Final_Coder_Source_Package/S1-16/S1-16_Queensland_Government_Official_Metadata.url,137,80c169a7cba6722dd1362e12f7f6a4aedaceb31267c82f4354044e906cbf01c8
S1-17,Final_Coder_Source_Package/S1-17/S1-17_Babao_MEM_Final_Investigation_Report.html,119868,0b78431a626f16e1f57f9c0634ae9a9783666ca88e54ee2353e010af5a5840f2
S1-17,Final_Coder_Source_Package/S1-17/S1-17_Babao_NMSA_Official_Notice.html,45141,0cc8a7a06fa09f9863426fa3ddb4fca3b755e25acfd17172b7c56dc9728978e2
S1-18,Final_Coder_Source_Package/S1-18/S1-18_Sunjiawan_MEM_Final_Investigation_Report.html,61211,886e1581da6219e3c0bf7f099cc9fcddd04fe19d52e38fbf8f8e0f0a07b550bc
S1-19,Final_Coder_Source_Package/S1-19/S1-19_Blacksville_NIOSH_Detailed_Case_Analysis.pdf,1432051,c168e4dc33b3888927654954cbe2bce8c81e97bc174b881dbcbb1aa229e7aef3
S1-19,Final_Coder_Source_Package/S1-19/S1-19_Blacksville_WV_Official_Historical_Record.html,82078,61a7b76cde042cec49a79b26d316c58c8089d1ef817a4568421650aae07bba5d
S1-20,Final_Coder_Source_Package/S1-20/S1-20_Buffalo_Creek_US_Senate_Hearing_Part1.pdf,559834685,4ad40d7c8b2a12e603c9bdf7ec38f2cc4d97cce4554a1bff17531cd933213f31
S1-20,Final_Coder_Source_Package/S1-20/S1-20_Buffalo_Creek_US_Senate_Hearing_Part1.zip,559582518,f8f9e6a0f506d7b1e09e6aa4999903e4d895a1e43dee5c22cea7d439674f2cc9
S1-20,Final_Coder_Source_Package/S1-20/S1-20_Buffalo_Creek_US_Senate_Hearing_Part2.pdf,476197351,1755f72932d74f166b78b47d32ed67d1cd3de6ef3e527dc4df7b2156536a58ec
S1-20,Final_Coder_Source_Package/S1-20/S1-20_Buffalo_Creek_US_Senate_Hearing_Part2.zip,476292380,12d0df30ae29ec4ce454fb27467349be45e22cb5cb64b56cd423f1933f4e550c
S1-21,Final_Coder_Source_Package/S1-21/S1-21_Songzao_NMSA_Official_Case.html,30804,a8a92a44d047009155e6854c49af47f8c3b668bb9c2b7b304e653666c3e93a4a
S1-22,Final_Coder_Source_Package/S1-22/S1-22_FMSHRC_Official_Report_Identity_Verification.pdf,4487389,fc76ca42cacd35e6e64a8d66aa1f1a752285f91a96c45382a5a34bcbad3fb3e3
S1-22,Final_Coder_Source_Package/S1-22/S1-22_GovInfo_1988_Final_Rule_Wilberg_Corroboration.pdf,30854326,c60ae39ac5eeda69d6bc8cf69d773502a8669e0a3abd3de42fb5701af26617c4
S1-22,Final_Coder_Source_Package/S1-22/S1-22_MSHA_2014_Risk_Readiness_Report_SECONDARY.pdf,8243035,73501e5cbdf19546a5e139d8f53fea8362207c23ef38ee23bd572b9e72c70301
S1-22,Final_Coder_Source_Package/S1-22/S1-22_NIOSH_Docket_Report_Inventory.pdf,1432051,c168e4dc33b3888927654954cbe2bce8c81e97bc174b881dbcbb1aa229e7aef3
S1-22,Final_Coder_Source_Package/S1-22/S1-22_Wilberg_MSHA_1987_Investigation_Report.pdf,10266131,84b36daa9730056ec17f41de41d30b741ca7f1166e5733a9137b62362f963341
S1-23,Final_Coder_Source_Package/S1-23/S1-23_Pingdingshan_Official_Investigation_Report.pdf,1557165,5d2ebfd9d3658561bb08993f7054c655d956472343fec04a65beba28abf1da40
S1-24,Final_Coder_Source_Package/S1-24/S1-24_Shuangyang_Heilongjiang_Official_Index.html,23042,14b77d0185e2f19864ac72e7f3ba9574682632c0dfdbaaca72bfb154cf5e5e6b
S1-24,Final_Coder_Source_Package/S1-24/S1-24_Shuangyang_NMSA_Official_Case.html,34026,589f4f1173967c0cd47e9dbbbce59837dde2956fa1309c23a35145099e15759d
S1-25,Final_Coder_Source_Package/S1-25/S1-25_Southmountain_MSHA_Federal_Register_Technical_Record.pdf,228314,5aa93c95d84d0799b180d631386585bb387f1b3ce68790e7410aa79538a05a53
S1-25,Final_Coder_Source_Package/S1-25/S1-25_Southmountain_MSHA_Historical_Fact_Sheet.html,36824,f3aee6b34267f9904761a89b73794b8b92f1e1197c0da0aaf2d6e2de88a05b29
S1-25,Final_Coder_Source_Package/S1-25/S1-25_Southmountain_USBM_NIOSH_Case_Summary.pdf,3445998,3f6ad3a2cd3b8919571c37e274e3a561229ef5a3aaf3b32f35ad0e2284f9f4ec
S1-26,Final_Coder_Source_Package/S1-26/S1-26_Buchanan_MSHA_Final_Report.html,107119,79691018c2e1807bf7a9dfeda353872f540f361c11d2e1e3c66e6cf4eec2e728
S1-26,Final_Coder_Source_Package/S1-26/S1-26_Buchanan_Virginia_Energy_Fatality_Report.pdf,1996960,12fce76e6e483b6cc7da0baed4b633328fa276394b1b83c874f7e92ae5886a22
S1-27,Final_Coder_Source_Package/S1-27/S1-27_No4_Mine_MSHA_Final_Report.html,114349,1c0cf74b0964613e1197b36a4421fbc302315d744b21fcd1c931df017e6cf1e1
S1-28,Final_Coder_Source_Package/S1-28/S1-28_Wyco_MSHA_Final_Report.html,120004,24e4d500501ce36f782bcfd9e50ac17ec54ab7b18ac0fa086e64463cb3a3ad33
S1-29,Final_Coder_Source_Package/S1-29/S1-29_Affinity_MSHA_Final_Report.html,121468,e316cb2456768a49b2e20e81ddded601112f089a8247dc9632c40eb17c0b844b
S1-30,Final_Coder_Source_Package/S1-30/S1-30_Kunyuan_NMSA_Final_Investigation_Report.pdf,1147359,4ffdb33fdc6d706ba5102d0eeddd152a3c4269488cdfecb7f1bd20d49e3c19da
S1-31,Final_Coder_Source_Package/S1-31/S1-31_Grundy_US_Bureau_of_Mines_NIOSH_Report.pdf,3445998,3f6ad3a2cd3b8919571c37e274e3a561229ef5a3aaf3b32f35ad0e2284f9f4ec
S1-32,Final_Coder_Source_Package/S1-32/S1-32_RFH_US_Bureau_of_Mines_NIOSH_Report.pdf,3445998,3f6ad3a2cd3b8919571c37e274e3a561229ef5a3aaf3b32f35ad0e2284f9f4ec
