Model,Strategy,Repeat,Fold,ROC-AUC,PR-AUC,Positive count,Negative count,Validation n
Logistic Regression,Balanced weighting,1,1,0.75801282051282048,0.16697155191273763,24,338,362
Random Forest,Balanced weighting,1,1,0.67474112426035493,0.17148002659255268,24,338,362
Gradient Boosting,Balanced weighting,1,1,0.65680473372781067,0.17765368942694548,24,338,362
SVM,Balanced weighting,1,1,0.72768737672583828,0.18194547991677246,24,338,362
Logistic Regression,Balanced weighting,1,2,0.75530078895463515,0.19486209138348223,24,338,362
Random Forest,Balanced weighting,1,2,0.69773175542406307,0.16910675103143602,24,338,362
Gradient Boosting,Balanced weighting,1,2,0.67776134122287968,0.11835737992838513,24,338,362
SVM,Balanced weighting,1,2,0.64065581854043396,0.14865872147543954,24,338,362
Logistic Regression,Balanced weighting,1,3,0.78131163708086793,0.24708505860092461,24,338,362
Random Forest,Balanced weighting,1,3,0.72626972386587774,0.20019070500054703,24,338,362
Gradient Boosting,Balanced weighting,1,3,0.73816568047337283,0.31832769073246064,24,338,362
SVM,Balanced weighting,1,3,0.73027613412228787,0.21243860718521401,24,338,362
Logistic Regression,Balanced weighting,1,4,0.74401852328273732,0.2081011989901517,23,338,361
Random Forest,Balanced weighting,1,4,0.72067146899922818,0.14873916592098141,23,338,361
Gradient Boosting,Balanced weighting,1,4,0.73951633650630311,0.18457862608217779,23,338,361
SVM,Balanced weighting,1,4,0.7092873681502444,0.15438866295461601,23,338,361
Logistic Regression,Balanced weighting,1,5,0.72650840751730961,0.29846738009871721,24,337,361
Random Forest,Balanced weighting,1,5,0.78999752720079131,0.24980820260945028,24,337,361
Gradient Boosting,Balanced weighting,1,5,0.71105341246290799,0.24014153720222498,24,337,361
SVM,Balanced weighting,1,5,0.72910484668644893,0.22654302251805458,24,337,361
Logistic Regression,Balanced weighting,2,1,0.73680966469428011,0.22997197330196967,24,338,362
Random Forest,Balanced weighting,2,1,0.76756656804733714,0.18626811727020492,24,338,362
Gradient Boosting,Balanced weighting,2,1,0.68318540433925057,0.19328132610611953,24,338,362
SVM,Balanced weighting,2,1,0.6471893491124262,0.11109092381003249,24,338,362
Logistic Regression,Balanced weighting,2,2,0.73730276134122286,0.17816759736341692,24,338,362
Random Forest,Balanced weighting,2,2,0.698163214990138,0.17528306685544018,24,338,362
Gradient Boosting,Balanced weighting,2,2,0.78716715976331364,0.30946143174124618,24,338,362
SVM,Balanced weighting,2,2,0.75628698224852076,0.2081952811888898,24,338,362
Logistic Regression,Balanced weighting,2,3,0.76331360946745563,0.2027267169050378,24,338,362
Random Forest,Balanced weighting,2,3,0.71141518737672593,0.25004109308147793,24,338,362
Gradient Boosting,Balanced weighting,2,3,0.62974605522682436,0.16528505641246466,24,338,362
SVM,Balanced weighting,2,3,0.75530078895463515,0.30889200034066888,24,338,362
Logistic Regression,Balanced weighting,2,4,0.61036789297658867,0.10488681816240876,23,338,361
Random Forest,Balanced weighting,2,4,0.60097761770002578,0.11035757351717719,23,338,361
Gradient Boosting,Balanced weighting,2,4,0.60625160792384869,0.15727530967955405,23,338,361
SVM,Balanced weighting,2,4,0.59248777977874956,0.089507934965547084,23,338,361
Logistic Regression,Balanced weighting,2,5,0.85806132542037594,0.31199143782095812,24,337,361
Random Forest,Balanced weighting,2,5,0.79568496538081113,0.22564275612193921,24,337,361
Gradient Boosting,Balanced weighting,2,5,0.74332344213649859,0.19132620522659602,24,337,361
SVM,Balanced weighting,2,5,0.78165182987141435,0.15860033690624117,24,337,361
Logistic Regression,Balanced weighting,3,1,0.81262327416173563,0.27536556702106263,24,338,362
Random Forest,Balanced weighting,3,1,0.6804117357001972,0.14227819499754379,24,338,362
Gradient Boosting,Balanced weighting,3,1,0.65372287968441811,0.13656829935674702,24,338,362
SVM,Balanced weighting,3,1,0.74272682445759364,0.16617504569265878,24,338,362
Logistic Regression,Balanced weighting,3,2,0.72053747534516766,0.18065268962545905,24,338,362
Random Forest,Balanced weighting,3,2,0.71486686390532539,0.19535552307312729,24,338,362
Gradient Boosting,Balanced weighting,3,2,0.6704265285996055,0.17355853319238446,24,338,362
SVM,Balanced weighting,3,2,0.70216962524654836,0.24229262854635922,24,338,362
Logistic Regression,Balanced weighting,3,3,0.69243096646942803,0.14845830123630832,24,338,362
Random Forest,Balanced weighting,3,3,0.64349112426035504,0.10322606881394003,24,338,362
Gradient Boosting,Balanced weighting,3,3,0.66820759368836291,0.13264643389096015,24,338,362
SVM,Balanced weighting,3,3,0.68515779092702156,0.19270911770532978,24,338,362
Logistic Regression,Balanced weighting,3,4,0.73707229225623883,0.22318483373739323,23,338,361
Random Forest,Balanced weighting,3,4,0.74826344224337527,0.28061462607459431,23,338,361
Gradient Boosting,Balanced weighting,3,4,0.69796758425520977,0.28444164945516814,23,338,361
SVM,Balanced weighting,3,4,0.71417545665037308,0.1939233054214021,23,338,361
Logistic Regression,Balanced weighting,3,5,0.79228486646884277,0.27968236091155163,24,337,361
Random Forest,Balanced weighting,3,5,0.74901088031651841,0.21728883911268648,24,337,361
Gradient Boosting,Balanced weighting,3,5,0.75123639960435218,0.18613036111999728,24,337,361
SVM,Balanced weighting,3,5,0.74579624134520284,0.21183487614907417,24,337,361
Logistic Regression,Balanced weighting,4,1,0.72497534516765294,0.22927608402955277,24,338,362
Random Forest,Balanced weighting,4,1,0.66518737672583828,0.1950079139919757,24,338,362
Gradient Boosting,Balanced weighting,4,1,0.69230769230769229,0.20076356738460774,24,338,362
SVM,Balanced weighting,4,1,0.66481755424063116,0.1429588915548668,24,338,362
Logistic Regression,Balanced weighting,4,2,0.7651627218934911,0.23879682564790811,24,338,362
Random Forest,Balanced weighting,4,2,0.76713510848126232,0.20279409087150099,24,338,362
Gradient Boosting,Balanced weighting,4,2,0.72324950690335299,0.18334277413143876,24,338,362
SVM,Balanced weighting,4,2,0.77773668639053239,0.19485970313642728,24,338,362
Logistic Regression,Balanced weighting,4,3,0.64213510848126232,0.16574156255916972,24,338,362
Random Forest,Balanced weighting,4,3,0.68682199211045369,0.21915874191704462,24,338,362
Gradient Boosting,Balanced weighting,4,3,0.67492603550295849,0.20873844371635583,24,338,362
SVM,Balanced weighting,4,3,0.64361439842209056,0.16806798955173066,24,338,362
Logistic Regression,Balanced weighting,4,4,0.80885001286339075,0.17851643507238357,23,338,361
Random Forest,Balanced weighting,4,4,0.76916645227682023,0.19953066493261579,23,338,361
Gradient Boosting,Balanced weighting,4,4,0.7427321842037562,0.18405149289966111,23,338,361
SVM,Balanced weighting,4,4,0.78904039104708001,0.22640613824390282,23,338,361
Logistic Regression,Balanced weighting,4,5,0.70882789317507422,0.21526307190299199,24,337,361
Random Forest,Balanced weighting,4,5,0.75,0.17669493824555624,24,337,361
Gradient Boosting,Balanced weighting,4,5,0.6845326409495549,0.23431381803690529,24,337,361
SVM,Balanced weighting,4,5,0.67445598417408503,0.25400572963714324,24,337,361
Logistic Regression,Balanced weighting,5,1,0.63017751479289952,0.15015583704657831,24,338,362
Random Forest,Balanced weighting,5,1,0.71640779092702167,0.20793626096660722,24,338,362
Gradient Boosting,Balanced weighting,5,1,0.69600591715976334,0.17872477646738533,24,338,362
SVM,Balanced weighting,5,1,0.64866863905325434,0.27770367481727748,24,338,362
Logistic Regression,Balanced weighting,5,2,0.81077416173570016,0.28943223870041501,24,338,362
Random Forest,Balanced weighting,5,2,0.79647435897435903,0.21017039277100547,24,338,362
Gradient Boosting,Balanced weighting,5,2,0.71283284023668636,0.28226343471597987,24,338,362
SVM,Balanced weighting,5,2,0.80177514792899407,0.22242883934388419,24,338,362
Logistic Regression,Balanced weighting,5,3,0.74100098619329391,0.27135793862947188,24,338,362
Random Forest,Balanced weighting,5,3,0.67239891518737671,0.13887778212078675,24,338,362
Gradient Boosting,Balanced weighting,5,3,0.60145463510848129,0.14919445187248773,24,338,362
SVM,Balanced weighting,5,3,0.67924063116370814,0.11902013693112462,24,338,362
Logistic Regression,Balanced weighting,5,4,0.69578080782094154,0.12829458208132927,23,338,361
Random Forest,Balanced weighting,5,4,0.70009004373552863,0.22812205410161071,23,338,361
Gradient Boosting,Balanced weighting,5,4,0.72652431180859267,0.21352283871861566,23,338,361
SVM,Balanced weighting,5,4,0.72498070491381528,0.20112165368758744,23,338,361
Logistic Regression,Balanced weighting,5,5,0.75642927794263115,0.22351044001262343,24,337,361
Random Forest,Balanced weighting,5,5,0.64799703264094954,0.11239790644057517,24,337,361
Gradient Boosting,Balanced weighting,5,5,0.70196587537091992,0.14229539861738558,24,337,361
SVM,Balanced weighting,5,5,0.74752720079129575,0.17351545668179999,24,337,361
Logistic Regression,Balanced weighting,6,1,0.7541913214990138,0.27213585854652156,24,338,362
Random Forest,Balanced weighting,6,1,0.71998274161735698,0.1885421669528268,24,338,362
Gradient Boosting,Balanced weighting,6,1,0.6439842209072979,0.18224179526253922,24,338,362
SVM,Balanced weighting,6,1,0.66481755424063116,0.18855753109277468,24,338,362
Logistic Regression,Balanced weighting,6,2,0.71597633136094663,0.20381691216105408,24,338,362
Random Forest,Balanced weighting,6,2,0.7551775147928993,0.188336174435427,24,338,362
Gradient Boosting,Balanced weighting,6,2,0.72898175542406307,0.27534884727363684,24,338,362
SVM,Balanced weighting,6,2,0.73853550295857984,0.2008723831657161,24,338,362
Logistic Regression,Balanced weighting,6,3,0.70266272189349122,0.19036452404105139,24,338,362
Random Forest,Balanced weighting,6,3,0.63646449704142005,0.12213966604937733,24,338,362
Gradient Boosting,Balanced weighting,6,3,0.64478550295857984,0.12401874118170043,24,338,362
SVM,Balanced weighting,6,3,0.67209072978303752,0.16201854118506392,24,338,362
Logistic Regression,Balanced weighting,6,4,0.8007460766658091,0.18501286949083542,23,338,361
Random Forest,Balanced weighting,6,4,0.76492153331618218,0.19621798689491904,23,338,361
Gradient Boosting,Balanced weighting,6,4,0.75527399022382302,0.17187182953342442,23,338,361
SVM,Balanced weighting,6,4,0.7682016979675842,0.19172040450689481,23,338,361
Logistic Regression,Balanced weighting,6,5,0.77893175074183973,0.22991511484482652,24,337,361
Random Forest,Balanced weighting,6,5,0.79172848664688422,0.29591594731888521,24,337,361
Gradient Boosting,Balanced weighting,6,5,0.73423590504451031,0.1709777716090157,24,337,361
SVM,Balanced weighting,6,5,0.75519287833827886,0.17128287779601989,24,337,361
Logistic Regression,Balanced weighting,7,1,0.82495069033530566,0.35742770068169766,24,338,362
Random Forest,Balanced weighting,7,1,0.78051035502958577,0.17758317178262176,24,338,362
Gradient Boosting,Balanced weighting,7,1,0.75110946745562124,0.22225076995704449,24,338,362
SVM,Balanced weighting,7,1,0.73434418145956604,0.14449354343344434,24,338,362
Logistic Regression,Balanced weighting,7,2,0.77465483234714005,0.1989502529489261,24,338,362
Random Forest,Balanced weighting,7,2,0.69656065088757413,0.17401693571516544,24,338,362
Gradient Boosting,Balanced weighting,7,2,0.75221893491124259,0.21742614394143295,24,338,362
SVM,Balanced weighting,7,2,0.73828895463510846,0.14800292722435829,24,338,362
Logistic Regression,Balanced weighting,7,3,0.77847633136094663,0.24824519250538063,24,338,362
Random Forest,Balanced weighting,7,3,0.71782544378698232,0.20459460257603462,24,338,362
Gradient Boosting,Balanced weighting,7,3,0.73237179487179482,0.15688324394521741,24,338,362
SVM,Balanced weighting,7,3,0.69021203155818545,0.17856800972004017,24,338,362
Logistic Regression,Balanced weighting,7,4,0.77334705428350925,0.24227150896846164,23,338,361
Random Forest,Balanced weighting,7,4,0.70201955235400049,0.14109250793554151,23,338,361
Gradient Boosting,Balanced weighting,7,4,0.72337278106508862,0.17195023708955415,23,338,361
SVM,Balanced weighting,7,4,0.76807306405968612,0.27448491576514122,23,338,361
Logistic Regression,Balanced weighting,7,5,0.59347181008902083,0.10130976777636735,24,337,361
Random Forest,Balanced weighting,7,5,0.63693125618199797,0.12341910300240409,24,337,361
Gradient Boosting,Balanced weighting,7,5,0.68428536102868442,0.1354028220389559,24,337,361
SVM,Balanced weighting,7,5,0.64836795252225521,0.20984350215907399,24,337,361
Logistic Regression,Balanced weighting,8,1,0.76072485207100593,0.24668587525453384,24,338,362
Random Forest,Balanced weighting,8,1,0.71548323471400399,0.16667446740409469,24,338,362
Gradient Boosting,Balanced weighting,8,1,0.63221153846153844,0.14538535700895269,24,338,362
SVM,Balanced weighting,8,1,0.70081360946745552,0.15202370208494842,24,338,362
Logistic Regression,Balanced weighting,8,2,0.76417652859960561,0.20019767850858616,24,338,362
Random Forest,Balanced weighting,8,2,0.73015285996055224,0.20298071398178441,24,338,362
Gradient Boosting,Balanced weighting,8,2,0.72201676528599601,0.25728382801076144,24,338,362
SVM,Balanced weighting,8,2,0.7609714003944773,0.2475174877177059,24,338,362
Logistic Regression,Balanced weighting,8,3,0.77317554240631159,0.20153857911181011,24,338,362
Random Forest,Balanced weighting,8,3,0.72737919132149897,0.16471967987841471,24,338,362
Gradient Boosting,Balanced weighting,8,3,0.72238658777120313,0.15165768153975331,24,338,362
SVM,Balanced weighting,8,3,0.73138560157790933,0.21964288760439676,24,338,362
Logistic Regression,Balanced weighting,8,4,0.71854900951890921,0.25627575771413191,23,338,361
Random Forest,Balanced weighting,8,4,0.75167224080267558,0.19798027317387593,23,338,361
Gradient Boosting,Balanced weighting,8,4,0.68407512220221245,0.21242100217540172,23,338,361
SVM,Balanced weighting,8,4,0.68973501414972982,0.16117625358133081,23,338,361
Logistic Regression,Balanced weighting,8,5,0.71810089020771517,0.196141598019344,24,337,361
Random Forest,Balanced weighting,8,5,0.70691147378832841,0.21126038075246911,24,337,361
Gradient Boosting,Balanced weighting,8,5,0.70450049455984176,0.17751666773386926,24,337,361
SVM,Balanced weighting,8,5,0.73293768545994065,0.22007913521551642,24,337,361
Logistic Regression,Balanced weighting,9,1,0.76220414201183428,0.22706406742729918,24,338,362
Random Forest,Balanced weighting,9,1,0.73705621301775137,0.1977141136902951,24,338,362
Gradient Boosting,Balanced weighting,9,1,0.75708826429980269,0.21206010293171401,24,338,362
SVM,Balanced weighting,9,1,0.72805719921104539,0.16318572948246099,24,338,362
Logistic Regression,Balanced weighting,9,2,0.68417159763313606,0.19179259833157325,24,338,362
Random Forest,Balanced weighting,9,2,0.63936143984220906,0.12668095664333062,24,338,362
Gradient Boosting,Balanced weighting,9,2,0.6272805719921104,0.12082838684497146,24,338,362
SVM,Balanced weighting,9,2,0.69354043392504927,0.17186962623433347,24,338,362
Logistic Regression,Balanced weighting,9,3,0.73261834319526631,0.1578492181725033,24,338,362
Random Forest,Balanced weighting,9,3,0.68343195266272194,0.15728513156976578,24,338,362
Gradient Boosting,Balanced weighting,9,3,0.71942800788954631,0.22937853067826725,24,338,362
SVM,Balanced weighting,9,3,0.72053747534516766,0.19111111201628159,24,338,362
Logistic Regression,Balanced weighting,9,4,0.79405711345510666,0.24187965112983778,23,338,361
Random Forest,Balanced weighting,9,4,0.76807306405968612,0.2400749067767482,23,338,361
Gradient Boosting,Balanced weighting,9,4,0.75019295086184712,0.28839267097237731,23,338,361
SVM,Balanced weighting,9,4,0.74800617442757911,0.25164595080724939,23,338,361
Logistic Regression,Balanced weighting,9,5,0.79821958456973297,0.32853081130213835,24,337,361
Random Forest,Balanced weighting,9,5,0.8135509396636994,0.19194578373837259,24,337,361
Gradient Boosting,Balanced weighting,9,5,0.69998763600395653,0.15534499240832605,24,337,361
SVM,Balanced weighting,9,5,0.7478981206726012,0.16242642371313118,24,337,361
Logistic Regression,Balanced weighting,10,1,0.74297337278106501,0.14659235186527225,24,338,362
Random Forest,Balanced weighting,10,1,0.75560897435897445,0.16576087356962796,24,338,362
Gradient Boosting,Balanced weighting,10,1,0.72349605522682447,0.16489122493080752,24,338,362
SVM,Balanced weighting,10,1,0.7116617357001972,0.18573467164886578,24,338,362
Logistic Regression,Balanced weighting,10,2,0.7068540433925049,0.22126443338536614,24,338,362
Random Forest,Balanced weighting,10,2,0.63584812623274156,0.099670095582028662,24,338,362
Gradient Boosting,Balanced weighting,10,2,0.64139546351084809,0.10400456063157071,24,338,362
SVM,Balanced weighting,10,2,0.64386094674556216,0.10514435088391495,24,338,362
Logistic Regression,Balanced weighting,10,3,0.82334812623274167,0.3421981880038068,24,338,362
Random Forest,Balanced weighting,10,3,0.79893984220907288,0.25503560384999585,24,338,362
Gradient Boosting,Balanced weighting,10,3,0.74679487179487181,0.23348354667455315,24,338,362
SVM,Balanced weighting,10,3,0.80054240631163709,0.22574189901425892,24,338,362
Logistic Regression,Balanced weighting,10,4,0.7325701054798045,0.19919913568096295,23,338,361
Random Forest,Balanced weighting,10,4,0.70909441728839728,0.1659824844152496,23,338,361
Gradient Boosting,Balanced weighting,10,4,0.73694365834834064,0.17450752449964341,23,338,361
SVM,Balanced weighting,10,4,0.70311294057113438,0.2065774628102999,23,338,361
Logistic Regression,Balanced weighting,10,5,0.69287833827893175,0.19228795987300451,24,337,361
Random Forest,Balanced weighting,10,5,0.6934347181008903,0.30973651138652092,24,337,361
Gradient Boosting,Balanced weighting,10,5,0.7119188921859545,0.17776581777845729,24,337,361
SVM,Balanced weighting,10,5,0.71550445103857574,0.23580942987016273,24,337,361
